Biosample	Isolate_id	EMB	INH	RIF	RIFP	PZA	AMK	KANN	CM	CS	ETH	OFX	PAS	STR
SAMN02419636	XTB13-203	R	R	R			R		R	R	S	R	R	R
SAMN02419591	XTB13-146	R	R	R			R		R	R	S	R	R	R
SAMN02419561	XTB13-113	R	R	R		R	S		S	S	S	R	S	R
SAMN02419541	XTB13-091	R	R	R			R		R	R	S	R	S	R
SAMN02419546	XTB13-096	S	S	S		S	S		S	S	S	S	S	S
SAMN02419594	XTB13-152	S	S	S			S		S	S	S	S	S	R
SAMN02419624	XTB13-190	R	R	R			R		R	R	R	R	R	R
SAMN02419568	XTB13-121	S	S	S		S	S		S	S	S	S	S	R
SAMN02419657	XTB13-230	R	R	R		R	S		S	S	S	S	S	R
SAMN02419630	XTB13-196	S	S	S			S		S	S	S	S	S	S
SAMN02419598	XTB13-156	S	S	S			S		S	S	S	S	S	S
SAMN02419635	XTB13-201	S	S	S		S	S		S	S	S	S	S	S
SAMN02419646	XTB13-213	S	S	S			S		S	S	S	S	S	S
SAMN02419548	XTB13-098	R	R	R			R		R	R	S	R	R	R
SAMN02419662	XTB13-235	R	R	R			R		R	R	S	R	R	R
SAMN02419674	XTB13-250	R	R	R		R	S		S	S	S	R	S	R
SAMN02419595	XTB13-153	R	R	R		R	S		S	S	S	R	S	R
SAMN02419678	XTB13-255	R	R	R			R		R	R	R	R	R	R
SAMN02419537	XTB13-086	S	S	S		S	S		S	S	S	S	S	S
SAMN02419545	XTB13-095	R	R	R		R	S	R	R	R	R	S	S	R
SAMN02419550	XTB13-102	R	R	R		R	S	R	R	R	R	S	S	R
SAMN02419609	XTB13-173	R	R	R			R		R	S	R	R	S	R
SAMN02419569	XTB13-122	R	R	R			R		R	S	R	R	S	R
SAMN02419656	XTB13-229	R	R	R			S	R	S	S	S	S	S	R
SAMN02419534	XTB13-082	R	R	R			R		R	S	S	S	S	R
SAMN02419614	XTB13-179	R	R	R			R		R	S	S	R	S	R
SAMN02419659	XTB13-232	R	R	R			R		R	S	R	R	S	R
SAMN02419567	XTB13-120	R	R	R			R		R	S	S	R	S	R
SAMN02419585	XTB13-140	R	R	R			R		R	S	S	R	S	R
SAMN02419593	XTB13-150	R	R	R			R		R	S	R	R	S	R
SAMN02419626	XTB13-192	R	R	R		R	S	R	R	R	R	R	S	R
SAMN02419592	XTB13-147	R	R	R			S		S	S	S	R	S	R
SAMN02419660	XTB13-233	R	R	R			S		S	S	S	S	S	R
SAMN02419604	XTB13-165	R	R	R			S	R	R	R	R	R	S	R
SAMN02419601	XTB13-161	R	R	R			S		S	S	S	S	S	R
SAMN02419559	XTB13-111	S	S	S			S		S	S	S	S	S	S
SAMN02419605	XTB13-167	R	R	R			R		R	R	S	R	S	R
SAMN02419583	XTB13-137	R	R	R			R		R	R	S	R	S	R
SAMN02419661	XTB13-234	R	R	R			R		R		S	R	R	R
SAMN02419543	XTB13-093	R	R	R			S		S	R	S	S	R	R
SAMN02419586	XTB13-141	R	R	R			S		S	R	S	S	R	R
SAMN02419582	XTB13-136	R	R	R		R	S	R	S	R	R	S	S	R
SAMN02419641	XTB13-208	R	R	R		R	S	R	S	R	R	S	S	R
SAMN02419602	XTB13-162	R	R	R			R		R	R	S	R	S	R
SAMN02419676	XTB13-252	R	R	R			R		R	R	R	S	S	R
SAMN02419549	XTB13-100	R	R	R			R		R	R	R	S	S	R
SAMN02419588	XTB13-143	R	R	R			R		R	R	R	S	S	R
SAMN02419539	XTB13-089	S	S	S			S		S	S	S	S	S	S
SAMN02419581	XTB13-135	S	S	S			S		S	S	S	S	S	S
SAMN02419589	XTB13-144	S	S	S			S		S	S	S	S	S	R
SAMN02419664	XTB13-238	R	R	R			R		R	R	S	R	R	R
SAMN02419667	XTB13-241	R	R	R			R		R	R	S	R	R	R
SAMN02419575	XTB13-128	S	S	S			S		S	S	S	S	S	S
SAMN02419621	XTB13-187	R	R	R			R		R	S	S	R	S	R
SAMN02419608	XTB13-172	R	R	R			R		R	S	S	R	S	R
SAMN02419639	XTB13-206	R	R	R			R		R	S	S	R	S	R
SAMN02419628	XTB13-194	R	R	R			R		R	S	S	R	S	R
SAMN02419558	XTB13-110	R	R	R			R		R	S	S	R	S	R
SAMN02419542	XTB13-092	S	R	R		S	S		S	S	S	S	S	R
SAMN02419631	XTB13-197	R	R	R		R	S		S	S	S	S	S	R
SAMN02419658	XTB13-231	R	R	R		R	S		S	S	S	S	S	R
SAMN02419579	XTB13-133	R	R	R			R		R	S	S	S	S	R
SAMN02419618	XTB13-184	R	R	R		R	S	R	S	R	S	S	R	R
SAMN02419551	XTB13-103	R	R	R			S		R	R	S	R	R	R
SAMN02419584	XTB13-138	S	S	S			S		S	S	S	S	S	S
SAMN02419634	XTB13-200	R	R	R			R		R	R	R	R	S	R
SAMN02419611	XTB13-176	R	R	R			R		R	R	R	R	S	R
SAMN02419535	XTB13-083	R	R		R	R	S		S	S	S	R	R	R
SAMN02419577	XTB13-131	R	R		R	R	S		S	S	S	R	R	R
SAMN02419556	XTB13-108	R	R	R			R		R	S	S	R	S	R
SAMN02419533	XTB13-081	R	R	R			R		R	S	S	R	S	R
SAMN02419653	XTB13-225	R	R	R			S	R	S	R	S	S	S	R
SAMN02419645	XTB13-212	R	R	R			R		R	R	S	R	R	R
SAMN02419648	XTB13-216	S	S	S			S		S	S	S	S	S	S
SAMN02419679	XTB13-256	R	R	R			S				S	R	S	R
SAMN02419680	XTB13-262	S	S	S			S		S	S	S	S	S	S
SAMN02419644	XTB13-211	S	S	S			S		S	S	S	S	S	S
SAMN02419686	XTB13-299	R	R	R			S		S	S	S	S	S	R
SAMN02419629	XTB13-195	R	R	R			R		R	S	S	R	S	R
SAMN02419570	XTB13-123	R	R	R			R		R	S	S	R	S	R
SAMN02419685	XTB13-290	R	R	R			R		R	S	R	S	S	R
SAMN02419571	XTB13-124	R	R	R			R		R	S	S	R	S	R
SAMN02419649	XTB13-217	R	R	R			R		R	S	S	R	S	R
SAMN02419650	XTB13-218	R	R	R			R		R	S	S	R	S	R
SAMN02419547	XTB13-097	R	R	R		R	R		R	R	R	S	S	R
SAMN02419565	XTB13-117	R	R	R		R	R		R	R	R	R	S	R
SAMN02419587	XTB13-142	R	R	R		R	R		R	R	R	R	S	R
SAMN02419616	XTB13-182	R	R	R		R	R		R	S	S	R	S	R
SAMN02419668	XTB13-242	R	R	R		R	R		R	S	S	R	S	R
SAMN02419607	XTB13-169	R	R	R			R		R	S	R	R	S	R
SAMN02419637	XTB13-204	R	R	R			R		R	R	R	R	S	R
SAMN02419597	XTB13-155	R	R	R			R		R	R	R	R	R	R
SAMN02419620	XTB13-186	S	S	S		S	S		S	S	S	S	S	S
SAMN02419555	XTB13-107	R	R	R		R	R		R	R	R	R	S	R
SAMN02419647	XTB13-214	R	R	R			S	R	S	S	S	S	R	R
SAMN02419681	XTB13-265	S	S	S			S				S	S	S	S
SAMN02419669	XTB13-244	R	R	R			S	R	S	R	S	R	S	R
SAMN02419572	XTB13-125	R	R	R			R		R	S	R	S	S	R
SAMN02419538	XTB13-088	R	R	R		R	S	S	S	S	S	R	S	R
SAMN02419651	XTB13-219	R	R	R		R	S	S	S	S	S	R	S	R
SAMN02419673	XTB13-249	S	S	S			S				S	S	S	S
SAMN02419663	XTB13-237	S	R	R			S		S		S	S	S	R
SAMN02419580	XTB13-134	S	S	S			S		S		S	S	S	R
SAMN02419627	XTB13-193	S	S	S			S				S	S	S	S
SAMN02419633	XTB13-199	S	S	S			S				S	S	S	S
SAMN02419606	XTB13-168	R	R	R			R		R	R	S	R	S	R
SAMN02419612	XTB13-177	R	R	R			R		R	R	S	R	S	R
SAMN02419544	XTB13-094	S	S	S			S		S	S	S	S	S	S
SAMN02419574	XTB13-127	R	R	R			R		R	R	R	R	S	R
SAMN02419643	XTB13-210	R	R	R			R		R	R	R	R	S	R
SAMN02419566	XTB13-119	R	R	R			R		R	R	R	R	S	R
SAMN02419599	XTB13-158	R	R	R			S		S	S	R	S	S	R
SAMN02419670	XTB13-245	R	R	R		R	R		R	R	S	R	S	R
SAMN02419553	XTB13-105	S	R	R			S		S	R	S	S	S	R
SAMN02419573	XTB13-126	R	R	R			S		S	R	S	R	S	R
SAMN02419617	XTB13-183	R	R	R		R	R		R	S	R	R	R	R
SAMN02419655	XTB13-228	R	R	R		R	R		R	R	S	R	S	R
SAMN02419632	XTB13-198	S	S	S			S		S	S	S	S	S	S
SAMN02419536	XTB13-084	R	R	R		R	R		R	S	S	S	S	R
SAMN02419560	XTB13-112	R	R	R		R	R		R	S	S	R	S	R
SAMN02419552	XTB13-104	S	S	S			S		S	S	S	S	S	S
SAMN02419615	XTB13-180	S	R	R			S		S	S	S	S	S	R
SAMN02419625	XTB13-191	S	S	S			S		S	S	S	S	S	S
SAMN02419638	XTB13-205	R	R	R			S		S	S	S	S	S	R
SAMN02419666	XTB13-240	S	S	S			S		S	S	S	S	S	S
SAMN02419622	XTB13-188	R	R	R			S	R	R	S	R	R	R	R
SAMN02419654	XTB13-227	R	R	R			S	R	R	S	R	R	R	R
SAMN02419563	XTB13-115	R	R	R		R	R		R	R	R	R	R	R
SAMN02419672	XTB13-247	R	R	R			S	R	S	R	S	S	S	R
SAMN02419600	XTB13-159	R	R	R			S	R	S	R	S	R	R	R
SAMN02419675	XTB13-251	R	R	R			R		R	R	S	S	S	R
SAMN02419578	XTB13-132	R	R	R			S		S	S	S	S	R	R
SAMN02419677	XTB13-253	R	R	R			S			S	S	S	S	R
SAMN02419564	XTB13-116	R	R	R		R	R		R	S	R	S	S	R
SAMN02419610	XTB13-175	R	R	R		R	R		R	S	R	S	S	R
SAMN02419642	XTB13-209	S	S	S		S	S		S	S	S	S	S	S
SAMN02419562	XTB13-114	R	R	R			S		S	S	S	S	S	R
SAMN02419596	XTB13-154	R	R	R			S		S	S	S	R	S	R
