sra_accession	strain_name	province	Isoniazid	Rifampicin	Ethambutol	Streptomycin	Kanamycin	Ofloxacin
 SRS797385 	07DS01118	Beijing	S	S	S	S	S	S
 SRS797290 	07DS01119	Beijing	S	S	S	S	S	S
 SRS797154 	07DS01133	Beijing	S	S	S	S	S	S
 SRS796954 	07DS01141	Beijing	S	S	S	S	S	S
 SRS797126 	07DS02119	Tianjin	S	S	S	S	S	S
 SRS797272 	07DS02154	Tianjin	S	S	S	S	S	S
 SRS797252 	07DS02177	Tianjin	S	S	S	S	S	S
 SRS796935 	07DS02182	Tianjin	S	S	S	S	S	S
 SRS797419 	07DS02193	Tianjin	S	S	S	S	S	S
 SRS797145 	07DS03101	Hebei	S	S	S	S	S	S
 SRS797072 	07DS03130	Hebei	S	S	S	S	S	S
 SRS797096 	07DS03140	Hebei	S	S	S	S	S	S
 SRS797348 	07DS03167	Hebei	S	S	S	S	S	S
 SRS797043 	07DS03218	Hebei	S	S	S	S	S	S
 SRS797261 	07DS03272	Hebei	S	S	S	S	S	S
 SRS797009 	07DS03277	Hebei	S	S	S	S	S	S
 SRS797241 	07DS03291	Hebei	S	S	S	S	S	S
 SRS796998 	07DS03327	Hebei	S	S	S	S	S	S
 SRS797007 	07DS03341	Hebei	S	S	S	S	S	S
 SRS797288 	07DS03353	Hebei	S	S	S	S	S	S
 SRS797099 	07DS03362	Hebei	S	S	S	S	S	S
 SRS797031 	07DS04102	Shanxi	S	S	S	S	S	S
 SRS797137 	07DS04130	Shanxi	S	S	S	S	S	S
 SRS797030 	07DS04131	Shanxi	S	S	S	S	S	S
 SRS797146 	07DS04144	Shanxi	S	S	S	S	S	S
 SRS797240 	07DS04251	Shanxi	S	S	S	S	S	S
 SRS797076 	07DS04268	Shanxi	S	S	S	S	S	S
 SRS796969 	07DS05117	InnerMongolia	S	S	S	S	S	S
 SRS797319 	07DS05127	InnerMongolia	S	S	S	S	S	S
 SRS797437 	07DS05157	InnerMongolia	S	S	S	S	S	S
 SRS797063 	07DS06116	Liaoning	S	S	S	S	S	S
 SRS797115 	07DS06141	Liaoning	S	S	S	S	S	S
 SRS797379 	07DS06142	Liaoning	S	S	S	S	S	S
 SRS796941 	07DS06153	Liaoning	S	S	S	S	S	S
 SRS797445 	07DS07126	Jilin	S	S	S	S	S	S
 SRS797107 	07DS07136	Jilin	S	S	S	S	S	S
 SRS797109 	07DS07151	Jilin	S	S	S	S	S	S
 SRS797254 	07DS07152	Jilin	S	S	S	S	S	S
 SRS797447 	07DS08102	Heilongjiang	S	S	S	S	S	S
 SRS797451 	07DS08108	Heilongjiang	S	S	S	S	S	S
 SRS797324 	07DS08155	Heilongjiang	S	S	S	S	S	S
 SRS797105 	07DS08162	Heilongjiang	S	S	S	S	S	S
 SRS797403 	07DS08219	Heilongjiang	S	S	S	S	S	S
 SRS797471 	07DS08221	Heilongjiang	S	S	S	S	S	S
 SRS797125 	07DS08249	Heilongjiang	S	S	S	S	S	S
 SRS797204 	07DS08254	Heilongjiang	S	S	S	S	S	S
 SRS797412 	07DS09125	Shanghai	S	S	S	S	S	S
 SRS797259 	07DS09128	Shanghai	S	S	S	S	S	S
 SRS797176 	07DS09138	Shanghai	S	S	S	S	S	S
 SRS797299 	07DS09142	Shanghai	S	S	S	S	S	S
 SRS797214 	07DS10117	Jiangsu	S	S	S	S	S	S
 SRS797341 	07DS10130	Jiangsu	S	S	S	S	S	S
 SRS797097 	07DS10144	Jiangsu	S	S	S	S	S	S
 SRS797363 	07DS10228	Jiangsu	S	S	S	S	S	S
 SRS797108 	07DS10245	Jiangsu	S	S	S	S	S	S
 SRS797464 	07DS10249	Jiangsu	S	S	S	S	S	S
 SRS797103 	07DS10339	Jiangsu	S	S	S	S	S	S
 SRS797104 	07DS10342	Jiangsu	S	S	S	S	S	S
 SRS797354 	07DS10356	Jiangsu	S	S	S	S	S	S
 SRS797452 	07DS10404	Jiangsu	S	S	S	S	S	S
 SRS797338 	07DS10423	Jiangsu	S	S	S	S	S	S
 SRS797264 	07DS10432	Jiangsu	S	S	S	S	S	S
 SRS797332 	07DS11148	Zhejiang	S	S	S	S	S	S
 SRS797017 	07DS11158	Zhejiang	S	S	S	S	S	S
 SRS797265 	07DS11159	Zhejiang	S	S	S	S	S	S
 SRS797119 	07DS11209	Zhejiang	S	S	S	S	S	S
 SRS797232 	07DS11217	Zhejiang	S	S	S	S	S	S
 SRS797158 	07DS11221	Zhejiang	S	S	S	S	S	S
 SRS797196 	07DS12140	Anhui	S	S	S	S	S	S
 SRS797361 	07DS12228	Anhui	S	S	S	S	S	S
 SRS797203 	07DS12232	Anhui	S	S	S	S	S	S
 SRS797218 	07DS12248	Anhui	S	S	S	S	S	S
 SRS796949 	07DS12302	Anhui	S	S	S	S	S	S
 SRS797206 	07DS12347	Anhui	S	S	S	S	S	S
 SRS796947 	07DS12353	Anhui	S	S	S	S	S	S
 SRS797061 	07DS12424	Anhui	S	S	S	S	S	S
 SRS797213 	07DS12427	Anhui	S	S	S	S	S	S
 SRS797200 	07DS12440	Anhui	S	S	S	S	S	S
 SRS797367 	07DS13142	Fujian	S	S	S	S	S	S
 SRS797405 	07DS13143	Fujian	S	S	S	S	S	S
 SRS797342 	07DS13149	Fujian	S	S	S	S	S	S
 SRS797431 	07DS13150	Fujian	S	S	S	S	S	S
 SRS797249 	07DS13248	Fujian	S	S	S	S	S	S
 SRS797345 	07DS13261	Fujian	S	S	S	S	S	S
 SRS797384 	07DS14111	Jiangxi	S	S	S	S	S	S
 SRS797359 	07DS14151	Jiangxi	S	S	S	S	S	S
 SRS797028 	07DS14250	Jiangxi	S	S	S	S	S	S
 SRS796953 	07DS14264	Jiangxi	S	S	S	S	S	S
 SRS797459 	07DS14303	Jiangxi	S	S	S	S	S	S
 SRS797329 	07DS14325	Jiangxi	S	S	S	S	S	S
 SRS797179 	07DS14365	Jiangxi	S	S	S	S	S	S
 SRS797127 	07DS15102	Shandong	S	S	S	S	S	S
 SRS797237 	07DS15116	Shandong	S	S	S	S	S	S
 SRS797400 	07DS15211	Shandong	S	S	S	S	S	S
 SRS797350 	07DS15222	Shandong	S	S	S	S	S	S
 SRS797306 	07DS15246	Shandong	S	S	S	S	S	S
 SRS797239 	07DS15321	Shandong	S	S	S	S	S	S
 SRS796989 	07DS15351	Shandong	S	S	S	S	S	S
 SRS797193 	07DS15354	Shandong	S	S	S	S	S	S
 SRS797181 	07DS15417	Shandong	S	S	S	S	S	S
 SRS797448 	07DS15420	Shandong	S	S	S	S	S	S
 SRS797376 	07DS15455	Shandong	S	S	S	S	S	S
 SRS797184 	07DS16103	Henan	S	S	S	S	S	S
 SRS797305 	07DS16139	Henan	S	S	S	S	S	S
 SRS797000 	07DS16159	Henan	S	S	S	S	S	S
 SRS797057 	07DS16211	Henan	S	S	S	S	S	S
 SRS797060 	07DS16231	Henan	S	S	S	S	S	S
 SRS796938 	07DS16233	Henan	S	S	S	S	S	S
 SRS797091 	07DS16319	Henan	S	S	S	S	S	S
 SRS797183 	07DS16330	Henan	S	S	S	S	S	S
 SRS796955 	07DS16350	Henan	S	S	S	S	S	S
 SRS797002 	07DS16423	Henan	S	S	S	S	S	S
 SRS797226 	07DS16425	Henan	S	S	S	S	S	S
 SRS797034 	07DS16454	Henan	S	S	S	S	S	S
 SRS797220 	07DS16554	Henan	S	S	S	S	S	S
 SRS797382 	07DS16571	Henan	S	S	S	S	S	S
 SRS797032 	07DS17148	Hubei	S	S	S	S	S	S
 SRS797276 	07DS17150	Hubei	S	S	S	S	S	S
 SRS797429 	07DS17160	Hubei	S	S	S	S	S	S
 SRS797472 	07DS17209	Hubei	S	S	S	S	S	S
 SRS797275 	07DS17225	Hubei	S	S	S	S	S	S
 SRS797303 	07DS17260	Hubei	S	S	S	S	S	S
 SRS797020 	07DS17325	Hubei	S	S	S	S	S	S
 SRS797024 	07DS17327	Hubei	S	S	S	S	S	S
 SRS796960 	07DS17369	Hubei	S	S	S	S	S	S
 SRS797446 	07DS17415	Hubei	S	S	S	S	S	S
 SRS797455 	07DS17419	Hubei	S	S	S	S	S	S
 SRS797358 	07DS17455	Hubei	S	S	S	S	S	S
 SRS797142 	07DS18106	Hunan	S	S	S	S	S	S
 SRS797374 	07DS18117	Hunan	S	S	S	S	S	S
 SRS797191 	07DS18137	Hunan	S	S	S	S	S	S
 SRS797217 	07DS18215	Hunan	S	S	S	S	S	S
 SRS797399 	07DS18216	Hunan	S	S	S	S	S	S
 SRS797330 	07DS18231	Hunan	S	S	S	S	S	S
 SRS797425 	07DS18352	Hunan	S	S	S	S	S	S
 SRS797428 	07DS18360	Hunan	S	S	S	S	S	S
 SRS797430 	07DS18372	Hunan	S	S	S	S	S	S
 SRS796986 	07DS18420	Hunan	S	S	S	S	S	S
 SRS797325 	07DS18426	Hunan	S	S	S	S	S	S
 SRS797210 	07DS18449	Hunan	S	S	S	S	S	S
 SRS797395 	07DS18505	Hunan	S	S	S	S	S	S
 SRS797466 	07DS18512	Hunan	S	S	S	S	S	S
 SRS797391 	07DS18528	Hunan	S	S	S	S	S	S
 SRS797059 	07DS19125	Guangdong	S	S	S	S	S	S
 SRS797369 	07DS19144	Guangdong	S	S	S	S	S	S
 SRS797078 	07DS19149	Guangdong	S	S	S	S	S	S
 SRS797373 	07DS19150	Guangdong	S	S	S	S	S	S
 SRS797247 	07DS19202	Guangdong	S	S	S	S	S	S
 SRS797027 	07DS19214	Guangdong	S	S	S	S	S	S
 SRS797421 	07DS19221	Guangdong	S	S	S	S	S	S
 SRS797424 	07DS19323	Guangdong	S	S	S	S	S	S
 SRS797340 	07DS19414	Guangdong	S	S	S	S	S	S
 SRS797473 	07DS19453	Guangdong	S	S	S	S	S	S
 SRS797014 	07DS20132	Guangxi	S	S	S	S	S	S
 SRS797438 	07DS20142	Guangxi	S	S	S	S	S	S
 SRS797413 	07DS20157	Guangxi	S	S	S	S	S	S
 SRS796988 	07DS20263	Guangxi	S	S	S	S	S	S
 SRS797460 	07DS20265	Guangxi	S	S	S	S	S	S
 SRS797185 	07DS21102	Hainan	S	S	S	S	S	S
 SRS797440 	07DS21103	Hainan	S	S	S	S	S	S
 SRS797270 	07DS21106	Hainan	S	S	S	S	S	S
 SRS797006 	07DS22136	Chongqing	S	S	S	S	S	S
 SRS797420 	07DS22168	Chongqing	S	S	S	S	S	S
 SRS797300 	07DS22228	Chongqing	S	S	S	S	S	S
 SRS797327 	07DS22233	Chongqing	S	S	S	S	S	S
 SRS797461 	07DS23110	Sichuan	S	S	S	S	S	S
 SRS797418 	07DS23135	Sichuan	S	S	S	S	S	S
 SRS797262 	07DS23137	Sichuan	S	S	S	S	S	S
 SRS797433 	07DS23152	Sichuan	S	S	S	S	S	S
 SRS796977 	07DS23230	Sichuan	S	S	S	S	S	S
 SRS797456 	07DS23244	Sichuan	S	S	S	S	S	S
 SRS797093 	07DS23339	Sichuan	S	S	S	S	S	S
 SRS797173 	07DS23506	Sichuan	S	S	S	S	S	S
 SRS797139 	07DS24102	Guizhou	S	S	S	S	S	S
 SRS797255 	07DS24152	Guizhou	S	S	S	S	S	S
 SRS796945 	07DS25177	Yunnan	S	S	S	S	S	S
 SRS796978 	07DS26112	Tibet	S	S	S	S	S	S
 SRS797411 	07DS27123	Shaanxi	S	S	S	S	S	S
 SRS797307 	07DS27144	Shaanxi	S	S	S	S	S	S
 SRS797318 	07DS27147	Shaanxi	S	S	S	S	S	S
 SRS796939 	07DS27151	Shaanxi	S	S	S	S	S	S
 SRS797258 	07DS28129	Gansu	S	S	S	S	S	S
 SRS797294 	07DS28157	Gansu	S	S	S	S	S	S
 SRS797092 	07DS29112	Qinghai	S	S	S	S	S	S
 SRS797291 	07DS29129	Qinghai	S	S	S	S	S	S
 SRS797309 	07DS30128	Ningxia	S	S	S	S	S	S
 SRS797422 	07DS30138	Ningxia	S	S	S	S	S	S
 SRS797416 	07DS30139	Ningxia	S	S	S	S	S	S
 SRS797357 	07DS31107	Xinjiang	S	S	S	S	S	S
 SRS797273 	07DS31113	Xinjiang	S	S	S	S	S	S
 SRS796932 	07DS31117	Xinjiang	S	S	S	S	S	S
 SRS797219 	07DS31122	Xinjiang	S	S	S	S	S	S
 SRS796982 	07DS31127	Xinjiang	S	S	S	S	S	S
 SRS797356 	07DS31129	Xinjiang	S	S	S	S	S	S
 SRS796933 	07DS31130	Xinjiang	S	S	S	S	S	S
 SRS796927 	07DS31169	Xinjiang	S	S	S	S	S	S
 SRS797362 	07DS31172	Xinjiang	S	S	S	S	S	S
 SRS797029 	07DS31207	Xinjiang	S	S	S	S	S	S
 SRS797077 	07DS31253	Xinjiang	S	S	S	S	S	S
 SRS796928 	07DS31265	Xinjiang	S	S	S	S	S	S
 SRS797071 	07HR03215	Hebei	R	S	S	S	S	S
 SRS797118 	07HR03340	Hebei	R	S	S	S	S	S
 SRS797048 	07HR04235	Shanxi	R	S	S	S	S	S
 SRS797197 	07HR07113	Jilin	R	S	S	S	S	S
 SRS797256 	07HR08208	Heilongjiang	R	S	S	S	S	S
 SRS797349 	07HR09151	Shanghai	R	S	S	S	S	S
 SRS796937 	07HR09158	Shanghai	R	S	S	S	S	S
 SRS797292 	07HR10110	Jiangsu	R	S	S	S	S	S
 SRS797457 	07HR10231	Jiangsu	R	S	S	S	S	S
 SRS797248 	07HR10242	Jiangsu	R	S	S	S	S	S
 SRS797037 	07HR10248	Jiangsu	R	S	S	S	S	S
 SRS796959 	07HR10255	Jiangsu	R	S	S	S	S	S
 SRS796957 	07HR10257	Jiangsu	R	S	S	S	S	S
 SRS797036 	07HR10368	Jiangsu	R	S	S	S	S	S
 SRS797441 	07HR11252	Zhejiang	R	S	S	S	S	S
 SRS797328 	07HR12143	Anhui	R	S	S	S	S	S
 SRS797062 	07HR12313	Anhui	R	S	S	S	S	S
 SRS797301 	07HR12460	Anhui	R	S	S	S	S	S
 SRS797368 	07HR13127	Fujian	R	S	S	S	S	S
 SRS797229 	07HR13129	Fujian	R	S	S	S	S	S
 SRS797230 	07HR13148	Fujian	R	S	S	S	S	S
 SRS797474 	07HR13233	Fujian	R	S	S	S	S	S
 SRS797426 	07HR13235	Fujian	R	S	S	S	S	S
 SRS797410 	07HR13241	Fujian	R	S	S	S	S	S
 SRS797409 	07HR13254	Fujian	R	S	S	S	S	S
 SRS797021 	07HR14145	Jiangxi	R	S	S	S	S	S
 SRS797205 	07HR15223	Shandong	R	S	S	S	S	S
 SRS797106 	07HR15227	Shandong	R	S	S	S	S	S
 SRS797435 	07HR15310	Shandong	R	S	S	S	S	S
 SRS797353 	07HR15446	Shandong	R	S	S	S	S	S
 SRS797434 	07HR16114	Henan	R	S	S	S	S	S
 SRS797402 	07HR16156	Henan	R	S	S	S	S	S
 SRS797296 	07HR16228	Henan	R	S	S	S	S	S
 SRS797157 	07HR16562	Henan	R	S	S	S	S	S
 SRS797274 	07HR17130	Hubei	R	S	S	S	S	S
 SRS797015 	07HR17353	Hubei	R	S	S	S	S	S
 SRS797033 	07HR17418	Hubei	R	S	S	S	S	S
 SRS797289 	07HR17422	Hubei	R	S	S	S	S	S
 SRS797295 	07HR18107	Hunan	R	S	S	S	S	S
 SRS797023 	07HR18108	Hunan	R	S	S	S	S	S
 SRS797389 	07HR18162	Hunan	R	S	S	S	S	S
 SRS796979 	07HR18228	Hunan	R	S	S	S	S	S
 SRS797450 	07HR18551	Hunan	R	S	S	S	S	S
 SRS796944 	07HR19115	Guangdong	R	S	S	S	S	S
 SRS797423 	07HR19145	Guangdong	R	S	S	S	S	S
 SRS797346 	07HR19314	Guangdong	R	S	S	S	S	S
 SRS797321 	07HR20119	Guangxi	R	S	S	S	S	S
 SRS797008 	07HR23164	Sichuan	R	S	S	S	S	S
 SRS797138 	07HR23231	Sichuan	R	S	S	S	S	S
 SRS797427 	07HR23250	Sichuan	R	S	S	S	S	S
 SRS797019 	07HR23505	Sichuan	R	S	S	S	S	S
 SRS797414 	07HR23539	Sichuan	R	S	S	S	S	S
 SRS797364 	07HR24165	Guizhou	R	S	S	S	S	S
 SRS797360 	07HR24178	Guizhou	R	S	S	S	S	S
 SRS797377 	07HR24235	Guizhou	R	S	S	S	S	S
 SRS797401 	07HR24240	Guizhou	R	S	S	S	S	S
 SRS797211 	07HR28127	Gansu	R	S	S	S	S	S
 SRS797133 	07HR28150	Gansu	R	S	S	S	S	S
 SRS797004 	07HR30105	Ningxia	R	S	S	S	S	S
 SRS796996 	07HR31219	Xinjiang	R	S	S	S	S	S
 SRS797082 	07HR31258	Xinjiang	R	S	S	S	S	S
 SRS796971 	07MDR01106	Beijing	R	R	R	R	S	R
 SRS797113 	07MDR01124	Beijing	R	R	S	R	S	S
 SRS797124 	07MDR01135	Beijing	R	R	R	R	S	S
 SRS797044 	07MDR02115	Tianjin	R	R	R	R	S	S
 SRS797467 	07MDR02189	Tianjin	R	R	S	R	S	S
 SRS797243 	07MDR03105	Hebei	R	R	R	R	S	S
 SRS797081 	07MDR03112	Hebei	R	R	S	R	S	S
 SRS797010 	07MDR03118	Hebei	R	R	R	R	R	S
 SRS797244 	07MDR03155	Hebei	R	R	S	R	S	S
 SRS797047 	07MDR03208	Hebei	R	R	S	R	S	S
 SRS797083 	07MDR03240	Hebei	R	R	S	R	S	S
 SRS797166 	07MDR03292	Hebei	R	R	S	R	S	S
 SRS796997 	07MDR03293	Hebei	R	R	S	R	R	S
 SRS796936 	07MDR03311	Hebei	R	R	R	S	S	S
 SRS797150 	07MDR03332	Hebei	R	R	S	S	S	S
 SRS797279 	07MDR03338	Hebei	R	R	S	R	S	S
 SRS796946 	07MDR03349	Hebei	R	R	S	R	R	R
 SRS797192 	07MDR03350	Hebei	R	R	R	R	S	S
 SRS797194 	07MDR03352	Hebei	R	R	S	R	S	S
 SRS797073 	07MDR03364	Hebei	R	R	R	S	S	S
 SRS797312 	07MDR04112	Shanxi	R	R	S	R	S	R
 SRS797054 	07MDR04113	Shanxi	R	R	R	R	S	R
 SRS797026 	07MDR04116	Shanxi	R	R	S	R	S	R
 SRS797056 	07MDR04117	Shanxi	R	R	R	S	S	R
 SRS797388 	07MDR04128	Shanxi	R	R	R	R	S	R
 SRS797055 	07MDR04129	Shanxi	R	R	S	R	S	R
 SRS797136 	07MDR04142	Shanxi	R	R	R	R	R	S
 SRS797313 	07MDR04145	Shanxi	R	R	R	R	R	R
 SRS797390 	07MDR04146	Shanxi	R	R	R	S	S	R
 SRS797315 	07MDR04147	Shanxi	R	R	R	R	R	R
 SRS797314 	07MDR04148	Shanxi	R	R	R	R	S	R
 SRS797135 	07MDR04149	Shanxi	R	R	S	R	R	S
 SRS797053 	07MDR04152	Shanxi	R	R	R	R	S	R
 SRS797316 	07MDR04160	Shanxi	R	R	R	R	R	R
 SRS797112 	07MDR04164	Shanxi	R	R	S	R	S	S
 SRS797317 	07MDR04202	Shanxi	R	R	R	R	R	R
 SRS796958 	07MDR04203	Shanxi	R	R	R	R	S	S
 SRS797347 	07MDR04205	Shanxi	R	R	R	R	S	S
 SRS797195 	07MDR04215	Shanxi	R	R	R	R	S	S
 SRS797148 	07MDR04224	Shanxi	R	R	S	R	S	S
 SRS797175 	07MDR04249	Shanxi	R	R	R	R	S	R
 SRS797182 	07MDR04253	Shanxi	R	R	R	R	R	R
 SRS797052 	07MDR04256	Shanxi	R	R	R	R	S	S
 SRS797129 	07MDR05102	InnerMongolia	R	R	R	S	S	S
 SRS797130 	07MDR05105	InnerMongolia	R	R	R	S	S	S
 SRS797310 	07MDR05106	InnerMongolia	R	R	R	R	S	S
 SRS797152 	07MDR05110	InnerMongolia	R	R	R	R	S	S
 SRS797282 	07MDR05112	InnerMongolia	R	R	R	R	S	S
 SRS797417 	07MDR05116	InnerMongolia	R	R	S	S	S	S
 SRS797132 	07MDR05128	InnerMongolia	R	R	R	S	S	S
 SRS797311 	07MDR05131	InnerMongolia	R	R	R	R	S	S
 SRS797366 	07MDR05134	InnerMongolia	R	R	R	R	S	S
 SRS797068 	07MDR05136	InnerMongolia	R	R	R	R	S	R
 SRS797131 	07MDR05149	InnerMongolia	R	R	S	S	S	S
 SRS797074 	07MDR05162	InnerMongolia	R	R	R	R	S	R
 SRS797242 	07MDR06109	Liaoning	R	R	R	R	S	S
 SRS796943 	07MDR06113	Liaoning	R	R	R	R	S	S
 SRS796968 	07MDR06128	Liaoning	R	R	S	R	S	R
 SRS797375 	07MDR06132	Liaoning	R	R	S	S	S	S
 SRS797267 	07MDR06133	Liaoning	R	R	S	S	S	S
 SRS797058 	07MDR06135	Liaoning	R	R	S	R	S	S
 SRS796967 	07MDR06145	Liaoning	R	R	R	S	S	R
 SRS797380 	07MDR06165	Liaoning	R	R	S	R	S	S
 SRS797143 	07MDR07114	Jilin	R	R	R	S	S	S
 SRS797141 	07MDR07115	Jilin	R	R	S	R	S	S
 SRS797102 	07MDR07118	Jilin	R	R	S	S	R	S
 SRS797117 	07MDR07131	Jilin	R	R	S	R	S	S
 SRS797436 	07MDR07133	Jilin	R	R	R	R	S	S
 SRS797280 	07MDR07153	Jilin	R	R	S	S	S	S
 SRS797144 	07MDR07171	Jilin	R	R	S	R	S	S
 SRS797151 	07MDR08104	Heilongjiang	R	R	R	R	S	S
 SRS796964 	07MDR08119	Heilongjiang	R	R	S	R	S	S
 SRS797079 	07MDR08124	Heilongjiang	R	R	R	R	S	S
 SRS797067 	07MDR08127	Heilongjiang	R	R	S	R	S	S
 SRS797378 	07MDR08134	Heilongjiang	R	R	R	R	S	S
 SRS797064 	07MDR08150	Heilongjiang	R	R	S	R	S	S
 SRS797069 	07MDR08159	Heilongjiang	R	R	R	R	S	S
 SRS797202 	07MDR08211	Heilongjiang	R	R	S	S	R	R
 SRS797250 	07MDR08213	Heilongjiang	R	R	R	R	R	R
 SRS797285 	07MDR08214	Heilongjiang	R	R	R	R	R	S
 SRS797066 	07MDR08232	Heilongjiang	R	R	S	S	S	R
 SRS797444 	07MDR08247	Heilongjiang	R	R	R	R	S	S
 SRS797397 	07MDR09160	Shanghai	R	R	R	R	S	S
 SRS797336 	07MDR10133	Jiangsu	R	R	S	S	S	S
 SRS796974 	07MDR10138	Jiangsu	R	R	S	S	S	S
 SRS797100 	07MDR10142	Jiangsu	R	R	S	R	S	S
 SRS797372 	07MDR10181	Jiangsu	R	R	R	R	R	S
 SRS797269 	07MDR10209	Jiangsu	R	R	S	S	R	S
 SRS797172 	07MDR10216	Jiangsu	R	R	R	R	S	R
 SRS797398 	07MDR10328	Jiangsu	R	R	S	R	S	S
 SRS797013 	07MDR10431	Jiangsu	R	R	S	S	S	S
 SRS797221 	07MDR10443	Jiangsu	R	R	S	S	S	S
 SRS797352 	07MDR10448	Jiangsu	R	R	R	R	S	S
 SRS797465 	07MDR10452	Jiangsu	R	R	S	R	S	S
 SRS797040 	07MDR10454	Jiangsu	R	R	S	R	S	S
 SRS797041 	07MDR10456	Jiangsu	R	R	S	R	S	S
 SRS797084 	07MDR10459	Jiangsu	R	R	S	R	S	S
 SRS797443 	07MDR11110	Zhejiang	R	R	R	S	S	S
 SRS797387 	07MDR11125	Zhejiang	R	R	S	R	S	S
 SRS797209 	07MDR11151	Zhejiang	R	R	R	S	S	S
 SRS797453 	07MDR11166	Zhejiang	R	R	R	S	S	S
 SRS797396 	07MDR11168	Zhejiang	R	R	R	S	S	S
 SRS797404 	07MDR11220	Zhejiang	R	R	S	R	S	S
 SRS797407 	07MDR11239	Zhejiang	R	R	S	S	S	S
 SRS797251 	07MDR11277	Zhejiang	R	R	S	R	S	S
 SRS797454 	07MDR11278	Zhejiang	R	R	S	R	S	R
 SRS797042 	07MDR12103	Anhui	R	R	R	R	S	S
 SRS797087 	07MDR12128	Anhui	R	R	S	S	S	S
 SRS797049 	07MDR12134	Anhui	R	R	S	R	S	S
 SRS797326 	07MDR12153	Anhui	R	R	S	R	S	S
 SRS797335 	07MDR12174	Anhui	R	R	R	R	S	R
 SRS797156 	07MDR12177	Anhui	R	R	R	R	S	S
 SRS797111 	07MDR12178	Anhui	R	R	S	R	S	S
 SRS797304 	07MDR12179	Anhui	R	R	S	S	S	S
 SRS796993 	07MDR12240	Anhui	R	R	S	R	S	S
 SRS797207 	07MDR12251	Anhui	R	R	S	S	S	S
 SRS797018 	07MDR12259	Anhui	R	R	R	S	R	S
 SRS796965 	07MDR12314	Anhui	R	R	S	R	S	S
 SRS797163 	07MDR12332	Anhui	R	R	R	R	R	R
 SRS796962 	07MDR12340	Anhui	R	R	R	R	S	S
 SRS797283 	07MDR12359	Anhui	R	R	R	R	S	S
 SRS797212 	07MDR12366	Anhui	R	R	R	R	S	R
 SRS797199 	07MDR12418	Anhui	R	R	R	S	S	S
 SRS797001 	07MDR12426	Anhui	R	R	R	R	R	S
 SRS797286 	07MDR12428	Anhui	R	R	S	R	S	S
 SRS797164 	07MDR12448	Anhui	R	R	R	R	S	S
 SRS796963 	07MDR13130	Fujian	R	R	S	R	S	S
 SRS797234 	07MDR13137	Fujian	R	R	S	R	S	S
 SRS796983 	07MDR13157	Fujian	R	R	S	S	S	S
 SRS797016 	07MDR13162	Fujian	R	R	R	R	S	R
 SRS797235 	07MDR13165	Fujian	R	R	R	R	S	R
 SRS796991 	07MDR13167	Fujian	R	R	S	R	S	S
 SRS797236 	07MDR13168	Fujian	R	R	R	R	S	R
 SRS797297 	07MDR13206	Fujian	R	R	R	R	S	S
 SRS797011 	07MDR13232	Fujian	R	R	S	R	S	S
 SRS797101 	07MDR13242	Fujian	R	R	S	R	S	R
 SRS797408 	07MDR13245	Fujian	R	R	S	S	S	R
 SRS797035 	07MDR14165	Jiangxi	R	R	R	R	S	S
 SRS797339 	07MDR14201	Jiangxi	R	R	R	S	S	R
 SRS796992 	07MDR14226	Jiangxi	R	R	S	R	S	R
 SRS797333 	07MDR14236	Jiangxi	R	R	R	S	S	R
 SRS797162 	07MDR14245	Jiangxi	R	R	R	R	R	R
 SRS797090 	07MDR14257	Jiangxi	R	R	R	S	S	R
 SRS797293 	07MDR14263	Jiangxi	R	R	S	S	S	S
 SRS797370 	07MDR14265	Jiangxi	R	R	R	R	S	S
 SRS797284 	07MDR14268	Jiangxi	R	R	S	R	S	S
 SRS797180 	07MDR14305	Jiangxi	R	R	R	R	S	S
 SRS797178 	07MDR14314	Jiangxi	R	R	R	R	S	S
 SRS797177 	07MDR14315	Jiangxi	R	R	R	S	S	S
 SRS797022 	07MDR14327	Jiangxi	R	R	R	R	S	S
 SRS797442 	07MDR14348	Jiangxi	R	R	R	R	S	S
 SRS797159 	07MDR14349	Jiangxi	R	R	R	S	S	S
 SRS797355 	07MDR15118	Shandong	R	R	R	R	S	S
 SRS797334 	07MDR15126	Shandong	R	R	S	R	S	S
 SRS797065 	07MDR15228	Shandong	R	R	R	S	R	S
 SRS797449 	07MDR15301	Shandong	R	R	R	R	R	R
 SRS797227 	07MDR15327	Shandong	R	R	R	S	S	R
 SRS797268 	07MDR15334	Shandong	R	R	R	R	S	S
 SRS797320 	07MDR15353	Shandong	R	R	R	R	S	S
 SRS797198 	07MDR15401	Shandong	R	R	R	R	S	S
 SRS797110 	07MDR15403	Shandong	R	R	R	R	S	R
 SRS797075 	07MDR15429	Shandong	R	R	R	R	S	S
 SRS797281 	07MDR15447	Shandong	R	R	S	R	S	S
 SRS797149 	07MDR16106	Henan	R	R	S	S	S	S
 SRS797161 	07MDR16109	Henan	R	R	R	R	S	S
 SRS797337 	07MDR16136	Henan	R	R	S	S	S	S
 SRS797147 	07MDR16142	Henan	R	R	S	R	S	S
 SRS797365 	07MDR16151	Henan	R	R	S	S	S	S
 SRS797245 	07MDR16155	Henan	R	R	R	R	S	S
 SRS797045 	07MDR16163	Henan	R	R	S	R	S	S
SRS796972	07MDR16207	Henan	R	R	R	R	S	R
SRS797187	07MDR16242	Henan	R	R	R	S	S	S
SRS797038	07MDR16351	Henan	R	R	R	R	S	S
SRS797189	07MDR16401	Henan	R	R	R	R	R	R
SRS797188	07MDR16412	Henan	R	R	R	R	R	S
SRS796931	07MDR16424	Henan	R	R	S	R	S	S
SRS797080	07MDR16430	Henan	R	R	S	S	S	R
SRS796985	07MDR16466	Henan	R	R	S	R	S	S
SRS796984	07MDR16467	Henan	R	R	S	R	S	S
SRS797302	07MDR16510	Henan	R	R	R	R	S	S
SRS797253	07MDR16513	Henan	R	R	R	S	S	R
SRS796966	07MDR16514	Henan	R	R	R	S	S	S
SRS797153	07MDR16537	Henan	R	R	S	R	S	S
SRS797165	07MDR16543	Henan	R	R	S	S	S	S
SRS797190	07MDR16548	Henan	R	R	S	R	S	S
SRS797271	07MDR17106	Hubei	R	R	R	R	S	S
SRS797050	07MDR17111	Hubei	R	R	S	R	S	S
SRS796981	07MDR17146	Hubei	R	R	S	S	S	S
SRS797386	07MDR17166	Hubei	R	R	S	S	S	S
SRS797278	07MDR17174	Hubei	R	R	R	R	S	S
SRS797039	07MDR17227	Hubei	R	R	R	S	S	S
SRS797012	07MDR17229	Hubei	R	R	S	R	S	S
SRS797046	07MDR17238	Hubei	R	R	S	S	S	S
SRS797298	07MDR17244	Hubei	R	R	R	R	S	S
SRS796980	07MDR17366	Hubei	R	R	R	R	S	S
SRS796994	07MDR18128	Hunan	R	R	S	R	R	R
SRS797228	07MDR18135	Hunan	R	R	R	R	S	S
SRS797462	07MDR18154	Hunan	R	R	S	R	S	S
SRS797215	07MDR18163	Hunan	R	R	R	R	S	S
SRS797260	07MDR18201	Hunan	R	R	R	R	S	R
SRS797381	07MDR18212	Hunan	R	R	S	S	S	S
SRS797098	07MDR18214	Hunan	R	R	S	S	S	S
SRS797121	07MDR18218	Hunan	R	R	R	R	S	R
SRS797224	07MDR18221	Hunan	R	R	S	S	S	S
SRS797225	07MDR18236	Hunan	R	R	R	R	S	R
SRS797406	07MDR18253	Hunan	R	R	S	S	S	S
SRS797383	07MDR18557	Hunan	R	R	S	R	S	S
SRS797323	07MDR18558	Hunan	R	R	S	R	S	S
SRS797322	07MDR18559	Hunan	R	R	S	R	S	S
SRS797246	07MDR18566	Hunan	R	R	S	S	S	R
SRS797458	07MDR18568	Hunan	R	R	R	R	S	S
SRS797233	07MDR19106	Guangdong	R	R	S	S	S	S
SRS796952	07MDR19107	Guangdong	R	R	S	S	S	S
SRS797343	07MDR19128	Guangdong	R	R	R	S	S	S
SRS797351	07MDR19209	Guangdong	R	R	S	S	S	S
SRS797186	07MDR19213	Guangdong	R	R	S	R	S	S
SRS797468	07MDR19216	Guangdong	R	R	R	S	S	S
SRS797257	07MDR19261	Guangdong	R	R	R	R	S	S
SRS797051	07MDR19329	Guangdong	R	R	R	R	S	R
SRS797025	07MDR19340	Guangdong	R	R	S	R	S	S
SRS796990	07MDR19342	Guangdong	R	R	R	R	S	S
SRS797470	07MDR19357	Guangdong	R	R	R	S	S	S
SRS797266	07MDR19359	Guangdong	R	R	R	R	S	S
SRS797070	07MDR19361	Guangdong	R	R	R	R	S	S
SRS797469	07MDR19368	Guangdong	R	R	S	S	S	S
SRS797287	07MDR19420	Guangdong	R	R	R	R	S	S
SRS797140	07MDR19441	Guangdong	R	R	S	R	S	S
SRS797216	07MDR19466	Guangdong	R	R	R	R	S	R
SRS797155	07MDR20137	Guangxi	R	R	R	S	S	S
SRS797134	07MDR20161	Guangxi	R	R	S	S	S	S
SRS796956	07MDR20163	Guangxi	R	R	R	R	S	R
SRS796951	07MDR20165	Guangxi	R	R	R	S	S	S
SRS797344	07MDR20208	Guangxi	R	R	S	R	S	S
SRS797432	07MDR22149	Chongqing	R	R	S	S	S	S
SRS797222	07MDR22160	Chongqing	R	R	R	R	S	R
SRS797160	07MDR22216	Chongqing	R	R	R	S	S	R
SRS796942	07MDR22243	Chongqing	R	R	R	S	S	R
SRS797122	07MDR22257	Chongqing	R	R	R	R	S	R
SRS797123	07MDR22268	Chongqing	R	R	R	R	S	S
SRS797463	07MDR23120	Sichuan	R	R	S	R	S	S
SRS797394	07MDR23132	Sichuan	R	R	R	R	S	R
SRS797088	07MDR23212	Sichuan	R	R	S	R	S	S
SRS797238	07MDR23234	Sichuan	R	R	S	R	S	S
SRS796976	07MDR23265	Sichuan	R	R	R	R	S	R
SRS797263	07MDR23324	Sichuan	R	R	R	R	S	R
SRS797208	07MDR23502	Sichuan	R	R	R	R	S	S
SRS797277	07MDR23557	Sichuan	R	R	R	R	S	R
SRS797415	07MDR23560	Sichuan	R	R	R	R	S	S
SRS797371	07MDR23562	Sichuan	R	R	R	S	S	S
SRS796987	07MDR24111	Guizhou	R	R	R	R	S	S
SRS797231	07MDR24117	Guizhou	R	R	S	R	S	S
SRS797085	07MDR24136	Guizhou	R	R	S	R	S	S
SRS797392	07MDR24263	Guizhou	R	R	S	S	S	S
SRS797393	07MDR24267	Guizhou	R	R	R	R	S	R
SRS796975	07MDR24272	Guizhou	R	R	R	S	S	R
SRS797095	07MDR25142	Yunnan	R	R	R	R	S	S
SRS797201	07MDR26101	Tibet	R	R	S	R	S	S
SRS796970	07MDR27121	Shaanxi	R	R	S	R	S	S
SRS797128	07MDR27126	Shaanxi	R	R	R	R	R	R
SRS797486	07MDR27130	Shaanxi	R	R	S	R	S	S
SRS796973	07MDR27149	Shaanxi	R	R	S	R	S	S
SRS796940	07MDR27154	Shaanxi	R	R	S	R	S	S
SRS797094	07MDR27156	Shaanxi	R	R	S	R	S	S
SRS797308	07MDR27164	Shaanxi	R	R	S	R	S	R
SRS796950	07MDR28103	Gansu	R	R	R	S	S	S
SRS797439	07MDR28133	Gansu	R	R	R	R	S	R
SRS796961	07MDR28158	Gansu	R	R	R	R	S	S
SRS797120	07MDR28174	Gansu	R	R	S	R	S	S
SRS797223	07MDR29120	Qinghai	R	R	S	R	S	S
SRS796995	07MDR29127	Qinghai	R	R	R	R	S	S
SRS796929	07MDR29131	Qinghai	R	R	S	R	R	S
SRS796948	07MDR29175	Qinghai	R	R	R	R	S	S
SRS797089	07MDR30111	Ningxia	R	R	S	R	S	S
SRS797003	07MDR30118	Ningxia	R	R	R	R	S	S
SRS797086	07MDR30119	Ningxia	R	R	S	R	S	S
SRS797005	07MDR30124	Ningxia	R	R	S	S	S	S
SRS797114	07MDR30126	Ningxia	R	R	R	S	S	S
SRS796999	07MDR30147	Ningxia	R	R	R	S	S	S
SRS797167	07MDR30152	Ningxia	R	R	R	R	S	R
SRS797174	07MDR30155	Ningxia	R	R	R	R	S	R
SRS797116	07MDR30157	Ningxia	R	R	R	R	S	S
SRS797169	07MDR30159	Ningxia	R	R	S	R	S	R
SRS797168	07MDR30161	Ningxia	R	R	R	R	S	R
SRS797170	07MDR30165	Ningxia	R	R	R	R	S	R
SRS797171	07MDR30167	Ningxia	R	R	R	R	S	R
SRS797331	07MDR31104	Xinjiang	R	R	S	R	S	S
SRS796930	07MDR31213	Xinjiang	R	R	S	R	S	S
SRS796934	07MDR31251	Xinjiang	R	R	S	R	S	S
