drsstudyno,id,ENA_run_accession,publication,project,date,country,lat,lng,province,island,lineage,sublineage,drtype,amikacin,capreomycin,ethambutol,isoniazid,kanamycin,levofloxacin,rifampicin,streptomycin,aminoglycosides,fluoroquinolones,MDR-TB,XDR-TB,DR_type,MDR,XDR,streptomycin,cycloserine,fluoroquinolones,rifampicin,ciprofloxacin,aminoglycosides,para-aminosalicylic_acid,kanamycin,linezolid,ethambutol,isoniazid,capreomycin,moxifloxacin,ethionamide,amikacin,pyrazinamide,levofloxacin,ofloxacin,clofazimine,bedaquiline,delamanid,,,
110306,phil_0058,ERR3256109,RIT_Philippines,RIT_Philippines,14/05/2012,Philippines,17.1713167,120.4397855,Ilocos Sur,Luzon,lineage1,lineage1.2.1,Drug-resistant,0,0,0,0,0,0,0,1,0,0,0,0,Drug-resistant,,,rrs_r.906a>g,-,-,-,-,-,-,-,-,-,-,-,-,-,-,-,-,-,-,-,-,,,
111301,phil_0167,ERR3256110,RIT_Philippines,RIT_Philippines,08/05/2012,Philippines,17.1146411,120.4509474,Ilocos Sur,Luzon,lineage1,lineage1.2.1,MDR,0,0,0,1,0,0,1,0,0,0,1,0,MDR,R,,-,-,-,rpoB_p.Ser450Leu,-,-,-,-,-,-,katG_p.Ser315Thr,-,-,-,-,-,-,-,-,-,-,,,
120209,phil_0001,ERR3256111,RIT_Philippines,RIT_Philippines,09/02/2012,Philippines,15.995974,120.2895877,Pangasinan,Luzon,lineage1,lineage1.2.1,Susceptible,0,0,0,0,0,0,0,0,0,0,0,0,Sensitive,,,-,-,-,-,-,-,-,-,-,-,-,-,-,-,-,-,-,-,-,-,-,,,
120611,phil_0168,ERR3256112,RIT_Philippines,RIT_Philippines,21/02/2012,Philippines,15.8791184,120.4316794,Pangasinan,Luzon,lineage1,lineage1.2.1,MDR,0,0,0,1,0,0,1,0,0,0,1,0,MDR,R,,-,-,-,rpoB_p.Ser450Leu,-,-,-,-,-,-,katG_p.Ser315Thr,-,-,-,-,pncA_p.Pro54Leu,-,-,-,-,-,,,
120823,phil_0060,ERR3256113,RIT_Philippines,RIT_Philippines,14/05/2012,Philippines,15.8096599,120.4459738,Pangasinan,Luzon,lineage1,lineage1.2.1,Drug-resistant,0,0,0,1,0,0,0,0,0,0,0,0,Drug-resistant,,,-,-,-,-,-,-,-,-,-,-,katG_p.Ser315Thr,-,-,-,-,-,-,-,-,-,-,,,
120824,WMB1494,ERR3256114,RIT_Philippines,RIT_Philippines,14/05/2012,Philippines,15.8096599,120.4459738,Pangasinan,Luzon,lineage1,lineage1.2.1,MDR,0,0,1,1,0,0,1,1,0,0,1,0,MDR,R,,rrs_r.514a>c,-,-,rpoB_p.Ser450Leu,-,-,-,-,-,embB_p.Gln497Lys,katG_p.Ser315Thr,-,-,-,-,pncA_c.-11A>G,-,-,-,-,-,,,
120825,phil_0170,ERR3256115,RIT_Philippines,RIT_Philippines,16/05/2012,Philippines,15.8096599,120.4459738,Pangasinan,Luzon,lineage4,lineage4.3.4.2,MDR,0,0,0,1,0,0,1,0,0,0,1,0,MDR,R,,-,-,-,rpoB_p.Ser450Leu,-,-,-,-,-,-,katG_p.Ser315Thr,-,-,-,-,-,-,-,-,-,-,,,
121104,phil_0172,ERR3256116,RIT_Philippines,RIT_Philippines,06/02/2012,Philippines,15.7663492,120.4436301,Pangasinan,Luzon,lineage2,lineage2.2.1,MDR,0,0,0,1,0,0,1,0,0,0,1,0,Sensitive,,,-,-,-,-,-,-,-,-,-,-,-,-,-,-,-,-,-,-,-,-,-,,,
210209,phil_0002,ERR3256117,RIT_Philippines,RIT_Philippines,10/11/2011,Philippines,17.6226167,121.7190059,Cagayan,Luzon,lineage1,lineage1.2.1,Susceptible,0,0,0,0,0,0,0,0,0,0,0,0,Sensitive,,,-,-,-,-,-,-,-,-,-,-,-,-,-,-,-,-,-,-,-,-,-,,,
210311,phil_0003,ERR3256118,RIT_Philippines,RIT_Philippines,19/10/2011,Philippines,17.6352401,121.7645026,Cagayan,Luzon,lineage1,lineage1.2.1,Susceptible,0,0,0,0,0,0,0,0,0,0,0,0,Sensitive,,,-,-,-,-,-,-,-,-,-,-,-,-,-,-,-,-,-,-,-,-,-,,,
220206,phil_0174,ERR3256119,RIT_Philippines,RIT_Philippines,03/02/2012,Philippines,16.7824753,121.5371321,Isabela,Luzon,lineage1,lineage1.2.1,MDR,0,0,1,1,0,0,1,0,0,0,1,0,MDR,R,,-,-,-,rpoB_p.Leu430Pro, rpoB_p.Asp435Gly,-,-,-,-,-,embB_p.Gly406Ala,katG_p.Ser315Thr,-,-,-,-,pncA_p.Ser59Pro,-,-,-,-,-,,
220304,phil_0004,ERR3256120,RIT_Philippines,RIT_Philippines,10/01/2012,Philippines,16.7076156,121.6657396,Isabela,Luzon,lineage1,lineage1.2.1,Susceptible,0,0,0,0,0,0,0,0,0,0,0,0,Sensitive,,,-,-,-,-,-,-,-,-,-,-,-,-,-,-,-,-,-,-,-,-,-,,,
220405,phil_0005,ERR3256121,RIT_Philippines,RIT_Philippines,13/02/2012,Philippines,16.7146595,121.5513548,Isabela,Luzon,lineage1,lineage1.2.1,Susceptible,0,0,0,0,0,0,0,0,0,0,0,0,Sensitive,,,-,-,-,-,-,-,-,-,-,-,-,-,-,-,-,-,-,-,-,-,-,,,
220412,phil_0061,ERR3256122,RIT_Philippines,RIT_Philippines,22/02/2012,Philippines,16.7146595,121.5513548,Isabela,Luzon,lineage1,lineage1.2.1,Susceptible,0,0,0,NA,0,0,0,0,0,0,0,0,Drug-resistant,,,-,-,-,-,-,-,-,-,-,-,fabG1_c.-15C>T,-,-,fabG1_c.-15C>T,-,-,-,-,-,-,-,,,
220416,phil_0006,ERR3256123,RIT_Philippines,RIT_Philippines,07/03/2012,Philippines,16.7146595,121.5513548,Isabela,Luzon,lineage1,lineage1.2.1,Susceptible,0,0,0,0,0,0,0,0,0,0,0,0,Sensitive,,,-,-,-,-,-,-,-,-,-,-,-,-,-,-,-,-,-,-,-,-,-,,,
220421,WMB1497,ERR3256124,RIT_Philippines,RIT_Philippines,27/03/2012,Philippines,16.7146595,121.5513548,Isabela,Luzon,lineage1,lineage1.2.1,Susceptible,0,0,0,0,0,0,0,0,0,0,0,0,Sensitive,,,-,-,-,-,-,-,-,-,-,-,-,-,-,-,-,-,-,-,-,-,-,,,
220615,phil_0062,ERR3256125,RIT_Philippines,RIT_Philippines,03/05/2012,Philippines,16.689589,121.4234728,Isabela,Luzon,lineage1,lineage1.2.1,Drug-resistant,0,0,0,0,0,0,0,1,0,0,0,0,Drug-resistant,,,rpsL_p.Lys88Arg,-,-,-,-,-,-,-,-,-,-,-,-,-,-,-,-,-,-,-,-,,,
310105,phil_0175,ERR3256126,RIT_Philippines,RIT_Philippines,11/11/2011,Philippines,14.880293,120.3853506,Bataan,Luzon,lineage4,lineage4.3.4.2,MDR,0,0,NA,1,0,0,1,1,0,0,1,0,MDR,R,,-,-,-,rpoB_p.Ser450Leu,-,-,-,-,-,embB_p.Met306Ile,katG_p.Ser315Thr,-,-,-,-,pncA_p.Trp68Arg,-,-,-,-,-,,,
310115,phil_0176,ERR3256127,RIT_Philippines,RIT_Philippines,26/10/2011,Philippines,14.880293,120.3853506,Bataan,Luzon,lineage4,lineage4.1.1.3,MDR,0,NA,NA,1,0,0,1,1,0,0,1,0,MDR,R,,-,-,-,rpoB_p.Ser450Leu,-,-,-,-,-,embA_p.Asp4Asn, embB_p.Met306Ile,fabG1_c.-15C>T, katG_p.Ser315Thr,-,-,fabG1_c.-15C>T,-,pncA_p.Gly24Asp, pncA_p.Ile133Thr,-,-,-,-,-
310204,phil_0177,ERR3256128,RIT_Philippines,RIT_Philippines,28/09/2011,Philippines,14.8450875,120.4638049,Bataan,Luzon,lineage4,lineage4.1.1.3,MDR,0,0,NA,1,0,0,1,1,0,0,1,0,MDR,R,,-,-,-,rpoB_p.Ser450Leu,-,-,-,-,-,embA_p.Asp4Asn, embB_p.Met306Ile,fabG1_c.-15C>T, katG_p.Ser315Thr,-,-,fabG1_c.-15C>T,-,pncA_p.Gly24Asp, pncA_p.Ile133Thr,-,-,-,-,-
310218,phil_0007,ERR3256129,RIT_Philippines,RIT_Philippines,15/12/2011,Philippines,14.8450875,120.4638049,Bataan,Luzon,lineage1,lineage1.2.1,Susceptible,0,0,0,0,0,0,0,0,0,0,0,0,Sensitive,,,-,-,-,-,-,-,-,-,-,-,-,-,-,-,-,-,-,-,-,-,-,,,
310308,phil_0118,ERR3256130,RIT_Philippines,RIT_Philippines,25/10/2011,Philippines,14.7936347,120.5319979,Bataan,Luzon,lineage4,lineage4.5,MDR,0,NA,1,1,0,0,1,1,0,0,1,0,MDR,R,,-,-,-,rpoC_p.Leu527Val, rpoB_p.Ser450Leu,-,-,-,-,-,embB_p.Met306Val,katG_p.Ser315Thr,-,-,-,-,-,-,-,-,-,-,,
310403,phil_0063,ERR3256131,RIT_Philippines,RIT_Philippines,14/12/2011,Philippines,14.7686919,120.5416774,Bataan,Luzon,lineage4,lineage4.1.2.1,Drug-resistant,0,0,0,1,1,0,0,1,1,0,0,0,Drug-resistant,,,-,-,-,-,-,-,-,-,-,-,katG_p.Ser315Thr,-,-,-,-,-,-,-,-,-,-,,,
310501,phil_0119,ERR3256132,RIT_Philippines,RIT_Philippines,10/11/2011,Philippines,14.7213333,120.5348558,Bataan,Luzon,lineage4,lineage4.5,MDR,0,NA,1,1,1,0,1,1,1,0,1,0,MDR,R,,-,-,-,rpoB_p.His445Tyr,-,-,-,-,-,embB_p.Gly406Cys,katG_p.Ser315Thr,-,-,-,-,pncA_p.Leu4Ser,-,-,-,-,-,,,
320129,phil_0008,ERR3256133,RIT_Philippines,RIT_Philippines,19/10/2011,Philippines,14.8236464,120.7889255,Bulacan,Luzon,lineage1,lineage1.2.1,Susceptible,0,0,0,0,0,0,0,0,0,0,0,0,Sensitive,,,-,-,-,-,-,-,-,-,-,-,-,-,-,-,-,-,-,-,-,-,-,,,
320137,phil_0120,ERR3256134,RIT_Philippines,RIT_Philippines,18/01/2012,Philippines,14.8236464,120.7889255,Bulacan,Luzon,lineage4,lineage4.3.4.1,MDR,0,0,0,1,0,0,1,1,0,0,1,0,MDR,R,,-,-,-,rpoB_p.Ser450Leu,-,-,-,-,-,-,fabG1_c.-15C>T, katG_p.Ser315Thr,-,-,fabG1_c.-15C>T,-,-,-,-,-,-,-,,
320150,phil_0121,ERR3256135,RIT_Philippines,RIT_Philippines,28/11/2011,Philippines,14.8236464,120.7889255,Bulacan,Luzon,lineage1,lineage1.2.1,MDR,0,0,NA,1,0,0,1,0,0,0,1,0,MDR,R,,-,-,-,rpoB_p.Ser450Trp,-,-,-,-,-,embB_p.Gly406Asp,inhA_p.Ile21Thr, fabG1_c.-15C>T,-,-,inhA_p.Ile21Thr, fabG1_c.-15C>T,-,-,-,-,-,-,-,
330409,phil_0009,ERR3256136,RIT_Philippines,RIT_Philippines,28/05/2012,Philippines,14.9547,120.7632631,Pampanga,Luzon,lineage1,lineage1.2.1,Susceptible,0,0,0,0,0,0,0,0,0,0,0,0,Sensitive,,,-,-,-,-,-,-,-,-,-,-,-,-,-,-,-,-,-,-,-,-,-,,,
330601,phil_0122,ERR3256137,RIT_Philippines,RIT_Philippines,14/12/2011,Philippines,14.8482117,120.6502716,Pampanga,Luzon,lineage2,lineage2.2.1,MDR,0,0,0,1,0,0,1,0,0,0,1,0,MDR,R,,-,-,-,rpoB_p.His445Tyr,-,-,-,-,-,-,katG_p.Ser315Thr,-,-,-,-,-,-,-,-,-,-,,,
330604,WMB1495,ERR3256138,RIT_Philippines,RIT_Philippines,18/01/2012,Philippines,14.8482117,120.6502716,Pampanga,Luzon,lineage1,lineage1.2.1,MDR,0,0,0,1,0,0,1,0,0,0,1,0,MDR,R,,-,-,-,rpoB_p.Gln432Glu,-,-,-,-,-,-,katG_p.Ser315Thr,-,-,-,-,-,-,-,-,-,-,,,
340106,phil_0010,ERR3256139,RIT_Philippines,RIT_Philippines,27/02/2012,Philippines,15.9929578,120.9667822,Nueva Ecija,Luzon,lineage1,lineage1.2.1,Susceptible,0,0,0,0,0,0,0,0,0,0,0,0,Sensitive,,,-,-,-,-,-,-,-,-,-,-,-,-,-,-,-,-,-,-,-,-,-,,,
340203,WMB1506,ERR3256140,RIT_Philippines,RIT_Philippines,23/01/2012,Philippines,15.8767284,120.8971618,Nueva Ecija,Luzon,lineage1,lineage1.2.1,Susceptible,0,0,0,0,0,0,0,0,0,0,0,0,Sensitive,,,-,-,-,-,-,-,-,-,-,-,-,-,-,-,-,-,-,-,-,-,-,,,
350106,phil_0065,ERR3256141,RIT_Philippines,RIT_Philippines,17/11/2011,Philippines,15.4986273,120.5998671,Tarlac,Luzon,lineage1,lineage1.2.1,Drug-resistant,0,0,0,1,0,0,0,0,0,0,0,0,Drug-resistant,,,-,-,-,-,-,-,-,-,-,-,katG_p.Ser315Thr,-,-,-,-,-,-,-,-,-,-,,,
350205,phil_0123,ERR3256142,RIT_Philippines,RIT_Philippines,23/11/2011,Philippines,15.4905024,120.6043954,Tarlac,Luzon,lineage1,lineage1.2.1,MDR,0,0,0,1,0,0,1,0,0,0,1,0,MDR,R,,-,-,-,rpoB_p.Asp435Phe,-,-,-,-,-,-,katG_p.Ser315Thr,-,-,-,-,-,-,-,-,-,-,,,
350605,phil_0124,ERR3256143,RIT_Philippines,RIT_Philippines,13/02/2012,Philippines,15.4937885,120.5847905,Tarlac,Luzon,lineage1,lineage1.2.1,MDR,0,0,0,1,0,0,1,NA,0,0,1,0,MDR,R,,rrs_r.517c>t,-,-,rpoB_c.1297_1298insTTC,-,-,-,-,-,-,katG_p.Ser315Thr,-,-,-,-,-,-,-,-,-,-,,,
350606,phil_0125,ERR3256144,RIT_Philippines,RIT_Philippines,15/02/2012,Philippines,15.53266,120.5470947,Tarlac,Luzon,lineage1,lineage1.2.1,MDR,0,0,0,1,0,0,1,NA,0,0,1,0,MDR,R,,rrs_r.517c>t,-,-,rpoB_c.1297_1298insTTC,-,-,-,-,-,-,katG_p.Ser315Thr,-,-,-,-,-,-,-,-,-,-,,,
510216,phil_0066,ERR3256145,RIT_Philippines,RIT_Philippines,02/02/2012,Philippines,13.1454455,123.7116062,Albay,Luzon,lineage1,lineage1.2.1,Drug-resistant,0,0,0,1,0,0,0,0,0,0,0,0,Drug-resistant,,,-,-,-,-,-,-,-,-,-,-,fabG1_c.-15C>T,-,-,fabG1_c.-15C>T,-,-,-,-,-,-,-,,,
510230,phil_0067,ERR3256146,RIT_Philippines,RIT_Philippines,08/03/2012,Philippines,13.1454455,123.7116062,Albay,Luzon,lineage1,lineage1.2.1,Drug-resistant,0,0,0,1,0,0,0,0,0,0,0,0,Drug-resistant,,,-,-,-,-,-,-,-,-,-,-,katG_p.Ser315Thr,-,-,-,-,-,-,-,-,-,-,,,
510319,phil_0011,ERR3256147,RIT_Philippines,RIT_Philippines,27/02/2012,Philippines,13.1225829,123.8676363,Albay,Luzon,lineage1,lineage1.2.1,Susceptible,0,0,0,0,0,0,0,0,0,0,0,0,Sensitive,,,-,-,-,-,-,-,-,-,-,-,-,-,-,-,-,-,-,-,-,-,-,,,
510404,phil_0068,ERR3256148,RIT_Philippines,RIT_Philippines,24/01/2012,Philippines,13.2391323,123.9936712,Albay,Luzon,lineage1,lineage1.2.1,Drug-resistant,0,0,0,1,0,0,0,0,0,0,0,0,Drug-resistant,,,-,-,-,-,-,-,-,-,-,-,katG_p.Ser315Thr,-,-,-,-,-,-,-,-,-,-,,,
520110,phil_0012,ERR3256149,RIT_Philippines,RIT_Philippines,12/10/2011,Philippines,14.0707405,122.9589575,Camarines Norte,Luzon,lineage1,lineage1.2.1,Susceptible,0,NA,0,0,0,0,0,0,0,0,0,0,Sensitive,,,-,-,-,-,-,-,-,-,-,-,-,-,-,-,-,-,-,-,-,-,-,,,
520209,phil_0069,ERR3256150,RIT_Philippines,RIT_Philippines,22/09/2011,Philippines,14.1122107,123.0018757,Camarines Norte,Luzon,lineage1,lineage1.2.1,Susceptible,0,0,0,0,0,0,0,NA,0,0,0,0,Drug-resistant,,,gid_Chromosome:g.4407814_4407962del,-,-,-,-,-,-,-,-,-,-,-,-,-,-,-,-,-,-,-,-,,,
520216,phil_0070,ERR3256151,RIT_Philippines,RIT_Philippines,13/12/2011,Philippines,14.1122107,123.0018757,Camarines Norte,Luzon,lineage4,lineage4.5,Susceptible,0,0,0,NA,0,0,0,0,0,0,0,0,Sensitive,,,-,-,-,-,-,-,-,-,-,-,-,-,-,-,-,-,-,-,-,-,-,,,
520501,phil_0071,ERR3256152,RIT_Philippines,RIT_Philippines,17/10/2011,Philippines,14.0449817,122.8815142,Camarines Norte,Luzon,lineage1,lineage1.2.1,Drug-resistant,0,0,NA,1,0,0,0,0,0,0,0,0,Drug-resistant,,,-,-,-,-,-,-,-,-,-,embB_p.Tyr319Cys,katG_p.Ser315Thr,-,-,-,-,pncA_p.Asp12Ala,-,-,-,-,-,,,
530151,phil_0072,ERR3256153,RIT_Philippines,RIT_Philippines,16/03/2012,Philippines,13.6254322,123.1985375,Camarines Sur,Luzon,lineage1,lineage1.2.1,Drug-resistant,0,0,0,1,0,0,NA,0,0,0,0,0,Drug-resistant,,,-,-,-,-,-,-,-,-,-,-,fabG1_c.-15C>T,-,-,fabG1_c.-15C>T,-,-,-,-,-,-,-,,,
540406,phil_0073,ERR3256154,RIT_Philippines,RIT_Philippines,08/12/2011,Philippines,13.8254631,124.1558131,Catanduanes,Luzon,lineage4,lineage4.1.2.1,Drug-resistant,0,0,0,1,0,0,0,1,0,0,0,0,Drug-resistant,,,-,-,-,-,-,-,-,-,-,-,fabG1_c.-15C>T,-,-,fabG1_c.-15C>T,-,-,-,-,-,-,-,,,
550114,phil_0074,ERR3256155,RIT_Philippines,RIT_Philippines,23/02/2012,Philippines,12.722368,124.0098956,Sorsogon,Luzon,lineage1,lineage1.2.1,Susceptible,0,0,0,NA,0,0,0,0,0,0,0,0,Drug-resistant,,,-,-,-,-,-,-,-,-,-,-,fabG1_c.-15C>T,-,-,fabG1_c.-15C>T,-,-,-,-,-,-,-,,,
550201,phil_0075,ERR3256156,RIT_Philippines,RIT_Philippines,21/09/2011,Philippines,12.5873982,124.0841043,Sorsogon,Luzon,lineage1,lineage1.2.1,Susceptible,0,0,0,0,0,0,0,NA,0,0,0,0,Sensitive,,,-,-,-,-,-,-,-,-,-,-,-,-,-,-,-,-,-,-,-,-,-,,,
550207,phil_0013,ERR3256157,RIT_Philippines,RIT_Philippines,03/10/2011,Philippines,12.5873982,124.0841043,Sorsogon,Luzon,lineage1,lineage1.2.1,Susceptible,0,NA,0,0,0,0,0,0,0,0,0,0,Sensitive,,,-,-,-,-,-,-,-,-,-,-,-,-,-,-,-,-,-,-,-,-,-,,,
550210,phil_0014,ERR3256158,RIT_Philippines,RIT_Philippines,28/10/2011,Philippines,12.5873982,124.0841043,Sorsogon,Luzon,lineage1,lineage1.2.1,Susceptible,0,0,0,0,0,0,0,0,0,0,0,0,Sensitive,,,-,-,-,-,-,-,-,-,-,-,-,-,-,-,-,-,-,-,-,-,-,,,
550220,phil_0076,ERR3256159,RIT_Philippines,RIT_Philippines,02/01/2012,Philippines,12.5873982,124.0841043,Sorsogon,Luzon,lineage1,lineage1.2.1,Drug-resistant,0,0,0,1,0,NA,0,0,0,NA,0,NA,Drug-resistant,,,-,-,-,-,-,-,-,-,-,-,fabG1_c.-15C>T,-,-,fabG1_c.-15C>T,-,-,-,-,-,-,-,,,
550225,phil_0077,ERR3256160,RIT_Philippines,RIT_Philippines,31/01/2012,Philippines,12.5873982,124.0841043,Sorsogon,Luzon,lineage1,lineage1.2.1,Susceptible,0,0,NA,NA,0,0,0,NA,0,0,0,0,Drug-resistant,,,-,-,-,-,-,-,-,-,-,-,fabG1_c.-15C>T,-,-,fabG1_c.-15C>T,-,-,-,-,-,-,-,,,
550404,WMB1496,ERR3256161,RIT_Philippines,RIT_Philippines,13/10/2011,Philippines,12.8115553,123.943203,Sorsogon,Luzon,lineage1,lineage1.2.1,Susceptible,0,0,0,0,0,0,0,0,0,0,0,0,Sensitive,,,-,-,-,-,-,-,-,-,-,-,-,-,-,-,-,-,-,-,-,-,-,,,
610212,phil_0078,ERR3256162,RIT_Philippines,RIT_Philippines,21/02/2012,Philippines,11.0448314,122.0627185,Antique,Visayas,lineage1,lineage1.2.1,Drug-resistant,0,0,1,0,0,0,0,NA,0,0,0,0,Drug-resistant,,,-,-,-,-,-,-,-,-,-,embB_p.Asp354Ala, embB_p.Asp328Gly,-,-,-,-,-,-,-,-,-,-,-,,
620218,phil_0079,ERR3256163,RIT_Philippines,RIT_Philippines,26/04/2012,Philippines,10.6616501,122.5889216,Guimaras,Visayas,lineage1,lineage1.2.1,Drug-resistant,0,0,1,1,0,0,0,NA,0,0,0,0,Drug-resistant,,,-,-,-,-,-,-,-,-,-,embB_p.Gln497Arg,katG_p.Ser315Thr,-,-,-,-,-,-,-,-,-,-,,,
620314,phil_0126,ERR3256164,RIT_Philippines,RIT_Philippines,13/01/2012,Philippines,10.5264678,122.5368734,Guimaras,Visayas,lineage1,lineage1.2.1,Drug-resistant,0,0,1,NA,0,0,NA,NA,0,0,NA,NA,MDR,R,,-,-,-,rpoB_p.Ser450Leu,-,-,-,-,-,-,inhA_p.Ile21Thr, fabG1_c.-15C>T,-,-,inhA_p.Ile21Thr, fabG1_c.-15C>T,-,-,-,-,-,-,-,
620402,phil_0080,ERR3256165,RIT_Philippines,RIT_Philippines,23/04/2012,Philippines,8.9663233,125.4197503,Guimaras,Visayas,lineage1,lineage1.2.1,Drug-resistant,0,0,0,1,0,0,0,0,0,0,0,0,Drug-resistant,,,-,-,-,-,-,-,-,-,-,-,fabG1_c.-15C>T, katG_p.Asp419His,-,-,fabG1_c.-15C>T,-,-,-,-,-,-,-,,
630116,phil_0081,ERR3256166,RIT_Philippines,RIT_Philippines,07/02/2012,Philippines,11.3229304,123.050179,Iloilo,Visayas,lineage1,lineage1.2.1,Drug-resistant,0,0,0,1,0,0,0,0,0,0,0,0,Drug-resistant,,,-,-,-,-,-,-,-,-,-,-,fabG1_c.-15C>T, inhA_p.Ser94Ala,-,-,fabG1_c.-15C>T, inhA_p.Ser94Ala,-,-,-,-,-,-,-,
630121,phil_0015,ERR3256167,RIT_Philippines,RIT_Philippines,12/03/2012,Philippines,11.3229304,123.050179,Iloilo,Visayas,lineage1,lineage1.2.1,Susceptible,0,0,0,0,0,0,0,0,0,0,0,0,Sensitive,,,-,-,-,-,-,-,-,-,-,-,-,-,-,-,-,-,-,-,-,-,-,,,
630333,phil_0082,ERR3256168,RIT_Philippines,RIT_Philippines,26/03/2012,Philippines,10.7267791,122.5580458,Iloilo,Visayas,lineage1,lineage1.2.1,Drug-resistant,0,0,NA,0,0,0,1,0,0,0,0,0,Drug-resistant,,,-,-,-,rpoB_p.Ser450Leu,-,-,-,-,-,embB_p.Met306Ile,-,-,-,-,-,pncA_p.Asp12Ala,-,-,-,-,-,,,
630501,phil_0016,ERR3256169,RIT_Philippines,RIT_Philippines,03/01/2012,Philippines,10.7163549,122.5324376,Iloilo,Visayas,lineage1,lineage1.2.1,Susceptible,0,0,0,0,0,0,0,0,0,0,0,0,Drug-resistant,,,-,-,-,-,-,-,-,-,-,-,fabG1_c.-15C>T,-,-,fabG1_c.-15C>T,-,-,-,-,-,-,-,,,
630602,phil_0017,ERR3256170,RIT_Philippines,RIT_Philippines,16/11/2011,Philippines,10.7185936,122.5411247,Iloilo,Visayas,lineage1,lineage1.2.1,Susceptible,0,0,0,0,0,0,0,0,0,0,0,0,Sensitive,,,-,-,-,-,-,-,-,-,-,-,-,-,-,-,-,-,-,-,-,-,-,,,
640108,phil_0083,ERR3256171,RIT_Philippines,RIT_Philippines,22/03/2012,Philippines,10.9573688,123.3062403,Negros Occidental,Visayas,lineage1,lineage1.2.1,Drug-resistant,0,0,0,1,0,0,0,0,0,0,0,0,Drug-resistant,,,-,-,-,-,-,-,-,-,-,-,inhA_p.Ile21Thr, fabG1_c.-15C>T,-,-,inhA_p.Ile21Thr, fabG1_c.-15C>T,-,-,-,-,-,-,-,
640121,phil_0084,ERR3256172,RIT_Philippines,RIT_Philippines,11/05/2012,Philippines,10.9573688,123.3062403,Negros Occidental,Visayas,lineage1,lineage1.2.1,Drug-resistant,0,0,0,1,0,0,0,0,0,0,0,0,Drug-resistant,,,-,-,-,-,-,-,-,-,-,-,fabG1_c.-15C>T, inhA_p.Ile194Thr,-,-,fabG1_c.-15C>T, inhA_p.Ile194Thr,-,-,-,-,-,-,-,
640226,phil_0018,ERR3256173,RIT_Philippines,RIT_Philippines,01/05/2012,Philippines,10.100101,122.86973,Negros Occidental,Visayas,lineage1,lineage1.2.1,Susceptible,0,0,0,0,0,0,0,0,0,0,0,0,Sensitive,,,-,-,-,-,-,-,-,-,-,-,-,-,-,-,-,-,-,-,-,-,-,,,
640231,phil_0085,ERR3256174,RIT_Philippines,RIT_Philippines,01/05/2012,Philippines,10.099031,122.869403,Negros Occidental,Visayas,lineage1,lineage1.2.1,Drug-resistant,0,0,1,1,0,0,0,0,0,0,0,0,Drug-resistant,,,-,-,-,-,-,-,-,-,-,embB_p.Gln497Lys,fabG1_c.-15C>T, fabG1_c.-17G>T,-,-,fabG1_c.-15C>T, fabG1_c.-17G>T,-,-,-,-,-,-,-,
640232,phil_0086,ERR3256175,RIT_Philippines,RIT_Philippines,20/05/2012,Philippines,10.099031,122.869403,Negros Occidental,Visayas,lineage1,lineage1.2.1,Susceptible,0,0,0,NA,0,0,0,0,0,0,0,0,Drug-resistant,,,-,-,-,-,-,-,-,-,-,-,fabG1_c.-15C>T,-,-,fabG1_c.-15C>T,-,-,-,-,-,-,-,,,
710122,phil_0019,ERR3256176,RIT_Philippines,RIT_Philippines,21/05/2012,Philippines,10.0104172,124.3926015,Bohol,Visayas,lineage1,lineage1.2.1,Susceptible,0,0,0,0,0,0,0,0,0,0,0,0,Sensitive,,,-,-,-,-,-,-,-,-,-,-,-,-,-,-,-,-,-,-,-,-,-,,,
710305,phil_0020,ERR3256177,RIT_Philippines,RIT_Philippines,10/02/2012,Philippines,8.9663233,125.4197503,Bohol,Visayas,lineage1,lineage1.2.1,Susceptible,0,0,0,NA,0,0,NA,0,0,0,NA,NA,MDR,R,,-,-,-,rpoB_p.Ser450Leu,-,-,-,-,-,embB_p.Met306Ile,fabG1_c.-15C>T, inhA_p.Ile21Val,-,-,fabG1_c.-15C>T,-,-,-,-,-,-,-,,
710309,phil_0021,ERR3256178,RIT_Philippines,RIT_Philippines,27/04/2012,Philippines,8.9663233,125.4197503,Bohol,Visayas,lineage1,lineage1.2.1,Susceptible,0,0,0,NA,0,0,NA,0,0,0,NA,NA,MDR,R,,-,-,-,rpoB_p.Ser450Leu,-,-,-,-,-,embB_p.Met306Ile,fabG1_c.-15C>T, inhA_p.Ile21Val,-,-,fabG1_c.-15C>T,-,-,-,-,-,-,-,,
710406,phil_0087,ERR3256179,RIT_Philippines,RIT_Philippines,16/02/2012,Philippines,8.9663233,125.4197503,Bohol,Visayas,lineage1,lineage1.2.1,Susceptible,0,0,0,NA,0,0,0,0,0,0,0,0,Drug-resistant,,,-,-,-,-,-,-,-,-,-,-,fabG1_c.-8T>C,-,-,fabG1_c.-8T>C,-,-,-,-,-,-,-,,,
710713,phil_0022,ERR3256180,RIT_Philippines,RIT_Philippines,24/04/2012,Philippines,10.0800995,124.3410962,Bohol,Visayas,lineage1,lineage1.2.1,Susceptible,0,0,0,0,0,0,0,0,0,0,0,0,Sensitive,,,-,-,-,-,-,-,-,-,-,-,-,-,-,-,-,-,-,-,-,-,-,,,
720209,WMB1500,ERR3256181,RIT_Philippines,RIT_Philippines,08/02/2012,Philippines,9.529899,123.4104347,Cebu,Visayas,lineage1,lineage1.2.1,Drug-resistant,0,0,0,1,0,0,0,0,0,0,0,0,Sensitive,,,-,-,-,-,-,-,-,-,-,-,-,-,-,-,-,-,-,-,-,-,-,,,
720301,phil_0127,ERR3256182,RIT_Philippines,RIT_Philippines,10/10/2011,Philippines,9.527605,123.307066,Cebu,Visayas,lineage1,lineage1.2.1,Drug-resistant,0,0,1,1,0,0,NA,1,0,0,0,0,MDR,R,,rpsL_p.Lys88Arg,-,-,rpoB_p.His445Leu,-,-,-,-,-,embB_p.Met306Val,katG_p.Ser315Thr,-,-,-,-,-,-,-,-,-,-,,,
720504,phil_0023,ERR3256183,RIT_Philippines,RIT_Philippines,17/02/2012,Philippines,9.733379,123.341445,Cebu,Visayas,lineage1,lineage1.2.1,Susceptible,0,0,0,0,0,0,0,0,0,0,0,0,Sensitive,,,-,-,-,-,-,-,-,-,-,-,-,-,-,-,-,-,-,-,-,-,-,,,
720806,phil_0024,ERR3256184,RIT_Philippines,RIT_Philippines,20/03/2012,Philippines,9.6417816,123.346703,Cebu,Visayas,lineage1,lineage1.2.1,Susceptible,0,0,0,0,0,0,0,0,0,0,0,0,Sensitive,,,-,-,-,-,-,-,-,-,-,-,-,-,-,-,-,-,-,-,-,-,-,,,
721316,phil_0088,ERR3256185,RIT_Philippines,RIT_Philippines,23/10/2011,Philippines,10.3082211,123.9069233,Cebu,Visayas,lineage1,lineage1.2.1,Susceptible,0,0,0,NA,0,0,0,0,0,0,0,0,Sensitive,,,-,-,-,-,-,-,-,-,-,-,-,-,-,-,-,-,-,-,-,-,-,,,
721347,phil_0128,ERR3256186,RIT_Philippines,RIT_Philippines,03/01/2012,Philippines,10.3082211,123.9069233,Cebu,Visayas,lineage1,lineage1.2.1,Drug-resistant,0,0,0,NA,0,0,1,0,0,0,0,0,MDR,R,,-,-,-,rpoB_p.His445Tyr,-,-,-,-,-,-,fabG1_c.-15C>T,-,-,fabG1_c.-15C>T,-,-,-,-,-,-,-,,,
721348,phil_0089,ERR3256187,RIT_Philippines,RIT_Philippines,21/12/2011,Philippines,10.3082211,123.9069233,Cebu,Visayas,lineage1,lineage1.2.1,Drug-resistant,0,0,0,0,0,0,0,1,0,0,0,0,Drug-resistant,,,rpsL_p.Lys43Arg,-,-,-,-,-,-,-,-,-,-,-,-,-,-,-,-,-,-,-,-,,,
721382,phil_0090,ERR3256188,RIT_Philippines,RIT_Philippines,10/03/2012,Philippines,10.3082211,123.9069233,Cebu,Visayas,lineage1,lineage1.2.1,Drug-resistant,0,0,0,1,0,0,0,1,0,0,0,0,Drug-resistant,,,rrs_r.514a>c,-,-,-,-,-,-,-,-,embA_c.-12C>T,fabG1_c.-15C>T, inhA_p.Ile21Val,-,-,fabG1_c.-15C>T,-,-,-,-,-,-,-,,
730107,phil_0129,ERR3256189,RIT_Philippines,RIT_Philippines,23/01/2012,Philippines,9.3046227,123.3015082,Negros Oriental,Visayas,lineage4,lineage4.3.4.1,Drug-resistant,0,0,0,1,1,0,NA,NA,1,0,0,0,Drug-resistant,,,-,-,-,-,-,-,-,-,-,-,katG_p.Ser315Thr,-,-,-,-,-,-,-,-,-,-,,,
730113,phil_0091,ERR3256190,RIT_Philippines,RIT_Philippines,17/02/2012,Philippines,9.3046227,123.3015082,Negros Oriental,Visayas,lineage1,lineage1.2.1,Drug-resistant,0,0,0,0,0,0,0,1,0,0,0,0,Drug-resistant,,,rrs_r.514a>c,-,-,-,-,-,-,-,-,-,-,-,-,-,-,-,-,-,-,-,-,,,
730206,phil_0130,ERR3256191,RIT_Philippines,RIT_Philippines,16/12/2011,Philippines,9.3046227,123.3015082,Negros Oriental,Visayas,lineage2,lineage2,MDR,0,0,0,1,0,0,1,0,0,0,1,0,Sensitive,,,-,-,-,-,-,-,-,-,-,-,-,-,-,-,-,-,-,-,-,-,-,,,
730215,phil_0131,ERR3256192,RIT_Philippines,RIT_Philippines,22/03/2012,Philippines,9.3046227,123.3015082,Negros Oriental,Visayas,lineage1,lineage1.2.1,MDR,0,0,0,1,0,0,1,0,0,0,1,0,MDR,R,,-,-,-,rpoB_p.His445Tyr,-,-,-,-,-,-,katG_p.Ser315Thr,-,-,-,-,-,-,-,-,-,-,,,
810104,phil_0092,ERR3256193,RIT_Philippines,RIT_Philippines,04/04/2012,Philippines,11.2076886,124.8408502,Leyte,Visayas,lineage1,lineage1.2.1,Drug-resistant,0,0,0,1,0,0,0,0,0,0,0,0,Drug-resistant,,,-,-,-,-,-,-,-,-,-,-,katG_p.Ser315Thr,-,-,-,-,-,-,-,-,-,-,,,
810105,phil_0093,ERR3256194,RIT_Philippines,RIT_Philippines,12/04/2012,Philippines,11.2076886,124.8408502,Leyte,Visayas,lineage1,lineage1.2.1,Drug-resistant,0,0,0,1,0,0,0,0,0,0,0,0,Drug-resistant,,,-,-,-,-,-,-,-,-,-,-,katG_p.Ser315Thr,-,-,-,-,-,-,-,-,-,-,,,
810306,phil_0025,ERR3256195,RIT_Philippines,RIT_Philippines,13/02/2012,Philippines,11.3912593,124.848262,Leyte,Visayas,lineage1,lineage1.2.1,Susceptible,0,0,0,0,0,0,0,0,0,0,0,0,Sensitive,,,-,-,-,-,-,-,-,-,-,-,-,-,-,-,-,-,-,-,-,-,-,,,
810602,WMB1499,ERR3256196,RIT_Philippines,RIT_Philippines,06/02/2012,Philippines,11.2502133,124.5201566,Leyte,Visayas,lineage1,lineage1.2.1,Susceptible,0,0,0,0,0,0,0,0,0,0,0,0,Sensitive,,,-,-,-,-,-,-,-,-,-,-,-,-,-,-,-,-,-,-,-,-,-,,,
810701,WMB1502,ERR3256197,RIT_Philippines,RIT_Philippines,26/10/2011,Philippines,11.2973981,124.6819262,Leyte,Visayas,lineage4,lineage4.3.4.2,MDR,0,0,0,1,0,0,1,0,0,0,1,0,MDR,R,,-,-,-,rpoB_p.Ser450Leu,-,-,-,-,-,-,fabG1_c.-8T>C,-,-,fabG1_c.-8T>C,-,-,-,-,-,-,-,,,
810902,phil_0133,ERR3256198,RIT_Philippines,RIT_Philippines,25/10/2011,Philippines,10.9705682,124.924249,Leyte,Visayas,lineage1,lineage1.2.1,MDR,0,0,0,1,0,0,1,0,0,0,1,0,MDR,R,,-,-,-,rpoB_p.Ser450Leu,-,-,-,-,-,-,katG_p.Ser315Thr,-,-,-,-,-,-,-,-,-,-,,,
811308,phil_0094,ERR3256199,RIT_Philippines,RIT_Philippines,06/01/2012,Philippines,10.9742731,124.8893038,Leyte,Visayas,lineage4,lineage4.3.4.1,Drug-resistant,0,0,0,0,0,0,1,0,0,0,0,0,Drug-resistant,,,-,-,-,rpoB_p.Ser450Leu,-,-,-,-,-,-,-,-,-,-,-,-,-,-,-,-,-,,,
811501,phil_0026,ERR3256200,RIT_Philippines,RIT_Philippines,,Philippines,11.1364924,124.8847246,Leyte,Visayas,lineage1,lineage1.2.1,Susceptible,0,0,0,0,0,0,0,0,0,0,0,0,Sensitive,,,-,-,-,-,-,-,-,-,-,-,-,-,-,-,-,-,-,-,-,-,-,,,
910316,phil_0027,ERR3256201,RIT_Philippines,RIT_Philippines,06/02/2012,Philippines,8.1295644,123.4355485,Zamboanga del Sur,Mindanao,lineage1,lineage1.2.1,Susceptible,0,0,0,0,0,0,0,0,0,0,0,0,Sensitive,,,-,-,-,-,-,-,-,-,-,-,-,-,-,-,-,-,-,-,-,-,-,,,
910403,phil_0028,ERR3256202,RIT_Philippines,RIT_Philippines,13/10/2011,Philippines,8.0928815,123.4819507,Zamboanga del Sur,Mindanao,lineage1,lineage1.2.1,Susceptible,0,0,0,0,0,0,0,0,0,0,0,0,Sensitive,,,-,-,-,-,-,-,-,-,-,-,-,-,-,-,-,-,-,-,-,-,-,,,
910504,phil_0134,ERR3256203,RIT_Philippines,RIT_Philippines,24/04/2012,Philippines,7.8494733,123.5802243,Zamboanga del Sur,Mindanao,lineage4,lineage4.3.4.1,MDR,0,0,NA,1,0,0,1,0,0,0,1,0,MDR,R,,-,-,-,rpoB_p.Ser450Leu,-,-,-,-,-,embB_p.Asp328Tyr,katG_p.Met257Ile, katG_p.Ser315Thr,-,-,-,-,-,-,-,-,-,-,,
910605,phil_0029,ERR3256204,RIT_Philippines,RIT_Philippines,09/12/2011,Philippines,6.9639179,121.9459382,Zamboanga del Sur,Mindanao,lineage1,lineage1.2.1,Susceptible,0,0,0,0,0,0,0,0,0,0,0,0,Sensitive,,,-,-,-,-,-,-,-,-,-,-,-,-,-,-,-,-,-,-,-,-,-,,,
910623,phil_0030,ERR3256205,RIT_Philippines,RIT_Philippines,13/03/2012,Philippines,6.9639179,121.9459382,Zamboanga del Sur,Mindanao,lineage1,lineage1.2.1,Susceptible,0,0,0,0,0,0,0,0,0,0,0,0,Sensitive,,,-,-,-,-,-,-,-,-,-,-,-,-,-,-,-,-,-,-,-,-,-,,,
910630,phil_0095,ERR3256206,RIT_Philippines,RIT_Philippines,11/05/2012,Philippines,6.9639179,121.9459382,Zamboanga del Sur,Mindanao,lineage1,lineage1.2.1,Drug-resistant,0,0,0,1,0,0,0,1,0,0,0,0,Drug-resistant,,,rrs_r.514a>c,-,-,-,-,-,-,-,-,-,katG_p.Ser315Thr,-,-,-,-,-,-,-,-,-,-,,,
910641,phil_0135,ERR3256207,RIT_Philippines,RIT_Philippines,04/07/2012,Philippines,6.9639179,121.9459382,Zamboanga del Sur,Mindanao,lineage1,lineage1.2.1,MDR,0,0,NA,1,0,0,1,1,0,0,1,0,MDR,R,,rrs_r.514a>c,-,-,rpoB_p.Asp435Val,-,-,-,-,-,embB_p.Gly406Asp,fabG1_c.-15C>T, inhA_p.Ile194Thr,-,-,fabG1_c.-15C>T, inhA_p.Ile194Thr,-,-,-,-,-,-,-,
1010324,phil_0096,ERR3256208,RIT_Philippines,RIT_Philippines,14/09/2011,Philippines,7.9075542,125.0869477,Bukidnon,Mindanao,lineage4,lineage4.3.3,Susceptible,0,NA,0,0,0,0,0,NA,0,0,0,0,Sensitive,,,-,-,-,-,-,-,-,-,-,-,-,-,-,-,-,-,-,-,-,-,-,,,
1010401,phil_0032,ERR3256209,RIT_Philippines,RIT_Philippines,31/01/2012,Philippines,8.0471186,124.9181105,Bukidnon,Mindanao,lineage1,lineage1.2.1,Susceptible,0,0,0,0,0,0,0,0,0,0,0,0,Sensitive,,,-,-,-,-,-,-,-,-,-,-,-,-,-,-,-,-,-,-,-,-,-,,,
1020108,WMB1507,ERR3256210,RIT_Philippines,RIT_Philippines,18/10/2011,Philippines,8.2269139,124.2377972,Lanao del Norte,Mindanao,lineage1,lineage1.2.1,MDR,0,0,NA,1,0,0,1,1,0,0,1,0,MDR,R,,rrs_r.514a>c,-,-,rpoB_p.Ser450Leu,-,-,-,-,-,embB_p.Glu405Asp,fabG1_c.-15C>T,-,-,fabG1_c.-15C>T,-,-,-,-,-,-,-,,,
1020208,phil_0097,ERR3256211,RIT_Philippines,RIT_Philippines,18/10/2011,Philippines,8.1630941,124.2326462,Lanao del Norte,Mindanao,lineage1,lineage1.2.1,Drug-resistant,0,NA,0,1,0,0,0,1,0,0,0,0,Drug-resistant,,,rpsL_p.Lys43Arg,-,-,-,-,-,-,-,-,-,katG_p.Ser315Thr,-,-,-,-,-,-,-,-,-,-,,,
1020218,phil_0098,ERR3256212,RIT_Philippines,RIT_Philippines,04/10/2011,Philippines,8.1630941,124.2326462,Lanao del Norte,Mindanao,lineage1,lineage1.2.1,Drug-resistant,0,NA,0,1,0,0,0,1,0,0,0,0,Drug-resistant,,,rrs_r.514a>c,-,-,-,-,-,-,-,-,-,fabG1_c.-17G>T, katG_p.Ser315Thr,-,-,fabG1_c.-17G>T,-,-,-,-,-,-,-,,
1020229,phil_0033,ERR3256213,RIT_Philippines,RIT_Philippines,12/03/2012,Philippines,8.1630941,124.2326462,Lanao del Norte,Mindanao,lineage1,lineage1.2.1,Susceptible,0,0,0,0,0,0,0,0,0,0,0,0,Sensitive,,,-,-,-,-,-,-,-,-,-,-,-,-,-,-,-,-,-,-,-,-,-,,,
1020243,phil_0034,ERR3256214,RIT_Philippines,RIT_Philippines,21/03/2012,Philippines,8.1630941,124.2326462,Lanao del Norte,Mindanao,lineage1,lineage1.2.1,Susceptible,0,0,0,0,0,0,0,0,0,0,0,0,Sensitive,,,-,-,-,-,-,-,-,-,-,-,-,-,-,-,-,-,-,-,-,-,-,,,
1030209,phil_0035,ERR3256215,RIT_Philippines,RIT_Philippines,23/02/2012,Philippines,8.393938,124.286185,Misamis Oriental,Mindanao,lineage1,lineage1.2.1,Susceptible,0,0,0,0,0,0,0,0,0,0,0,0,Sensitive,,,-,-,-,-,-,-,-,-,-,-,-,-,-,-,-,-,-,-,-,-,-,,,
1030802,phil_0036,ERR3256216,RIT_Philippines,RIT_Philippines,06/10/2011,Philippines,8.496417,124.305298,Misamis Oriental,Mindanao,lineage1,lineage1.2.1,Susceptible,0,NA,0,0,0,0,0,0,0,0,0,0,Sensitive,,,-,-,-,-,-,-,-,-,-,-,-,-,-,-,-,-,-,-,-,-,-,,,
1031004,phil_0099,ERR3256217,RIT_Philippines,RIT_Philippines,28/09/2011,Philippines,8.5489365,124.3475022,Misamis Oriental,Mindanao,lineage4,lineage4.3.4.1,Susceptible,0,NA,NA,0,0,0,0,0,0,0,0,0,Sensitive,,,-,-,-,-,-,-,-,-,-,-,-,-,-,-,-,-,-,-,-,-,-,,,
1110102,phil_0137,ERR3256218,RIT_Philippines,RIT_Philippines,14/03/2012,Philippines,7.2539601,125.1708849,Davao del Sur,Mindanao,lineage4,lineage4.3.4.2,Drug-resistant,0,0,0,NA,0,0,1,0,0,0,0,0,MDR,R,,-,-,-,rpoB_p.Ser450Leu,-,-,-,-,-,-,fabG1_c.-8T>C,-,-,fabG1_c.-8T>C,-,-,-,-,-,-,-,,,
1110201,phil_0138,ERR3256219,RIT_Philippines,RIT_Philippines,17/10/2011,Philippines,7.0612316,125.6003223,Davao del Sur,Mindanao,lineage1,lineage1.2.1,MDR,0,0,NA,1,0,0,1,0,0,0,1,0,MDR,R,,-,-,-,rpoB_p.Ser450Leu,-,-,-,-,-,embB_p.Met306Ile,katG_p.Ser315Thr,-,-,-,-,-,-,-,-,-,-,,,
1110203,phil_0139,ERR3256220,RIT_Philippines,RIT_Philippines,24/10/2011,Philippines,7.0612316,125.6003223,Davao del Sur,Mindanao,lineage1,lineage1.2.1,MDR,0,0,NA,1,0,0,1,0,0,0,1,0,MDR,R,,-,-,-,rpoB_p.Ser450Leu,-,-,-,-,-,embB_p.Met306Ile,katG_p.Ser315Thr,-,-,-,-,-,-,-,-,-,-,,,
1110209,phil_0141,ERR3256221,RIT_Philippines,RIT_Philippines,04/12/2011,Philippines,7.0612316,125.6003223,Davao del Sur,Mindanao,lineage1,lineage1.2.1,MDR,0,0,0,1,0,0,1,0,0,0,1,0,MDR,R,,-,-,-,rpoB_p.Ser450Leu,-,-,-,-,-,-,katG_p.Ser315Thr,-,-,-,-,-,-,-,-,-,-,,,
1110214,phil_0100,ERR3256222,RIT_Philippines,RIT_Philippines,19/12/2011,Philippines,7.0612316,125.6003223,Davao del Sur,Mindanao,lineage1,lineage1.2.1,Drug-resistant,0,0,0,1,0,0,0,0,0,0,0,0,Drug-resistant,,,-,-,-,-,-,-,-,-,-,-,katG_p.Ser315Thr, ahpC_c.-81C>T,-,-,-,-,-,-,-,-,-,-,,
1110237,phil_0037,ERR3256223,RIT_Philippines,RIT_Philippines,05/02/2012,Philippines,7.0612316,125.6003223,Davao del Sur,Mindanao,lineage1,lineage1.2.1,Susceptible,0,0,0,0,0,0,0,0,0,0,0,0,Sensitive,,,-,-,-,-,-,-,-,-,-,-,-,-,-,-,-,-,-,-,-,-,-,,,
1120116,phil_0038,ERR3256224,RIT_Philippines,RIT_Philippines,13/02/2012,Philippines,7.3608901,125.8549962,Compostela Valley,Mindanao,lineage1,lineage1.2.1,Susceptible,0,0,0,0,0,0,0,0,0,0,0,0,Sensitive,,,-,-,-,-,-,-,-,-,-,-,-,-,-,-,-,-,-,-,-,-,-,,,
1120201,phil_0101,ERR3256225,RIT_Philippines,RIT_Philippines,11/10/2011,Philippines,7.5541143,126.1395534,Compostela Valley,Mindanao,lineage1,lineage1.2.1,Drug-resistant,0,0,0,0,0,0,0,1,0,0,0,0,Drug-resistant,,,rpsL_p.Lys88Arg,-,-,-,-,-,-,-,-,-,-,-,-,-,-,-,-,-,-,-,-,,,
1210113,phil_0142,ERR3256226,RIT_Philippines,RIT_Philippines,17/11/2011,Philippines,7.0123188,125.0892704,Metropolitan Manila,Luzon,lineage1,lineage1.2.1,MDR,0,0,NA,1,0,0,1,0,0,0,1,0,MDR,R,,-,-,-,rpoB_p.Ser450Leu,-,-,-,-,-,embB_p.Met306Ile,fabG1_c.-15C>T, inhA_p.Ile21Val,-,-,fabG1_c.-15C>T,-,-,-,-,-,-,-,,
1210218,phil_0039,ERR3256227,RIT_Philippines,RIT_Philippines,28/03/2012,Philippines,7.0841543,124.8997473,Metropolitan Manila,Luzon,lineage1,lineage1.2.1,Susceptible,0,0,0,0,0,0,0,0,0,0,0,0,Sensitive,,,-,-,-,-,-,-,-,-,-,-,-,-,-,-,-,-,-,-,-,-,-,,,
1210219,phil_0040,ERR3256228,RIT_Philippines,RIT_Philippines,26/03/2012,Philippines,7.0841543,124.8997473,Metropolitan Manila,Luzon,lineage1,lineage1.2.1,Susceptible,0,0,0,0,0,0,0,0,0,0,0,0,Sensitive,,,-,-,-,-,-,-,-,-,-,-,-,-,-,-,-,-,-,-,-,-,-,,,
1220211,WMB1501,ERR3256229,RIT_Philippines,RIT_Philippines,24/01/2012,Philippines,6.4913723,125.0825894,South Cotabato,Mindanao,lineage1,lineage1.2.1,Susceptible,0,0,0,0,0,0,0,0,0,0,0,0,Sensitive,,,-,-,-,-,-,-,-,-,-,-,-,-,-,-,-,-,-,-,-,-,-,,,
1220313,phil_0041,ERR3256230,RIT_Philippines,RIT_Philippines,26/02/2012,Philippines,6.3248308,124.9538687,South Cotabato,Mindanao,lineage1,lineage1.2.1,Susceptible,0,0,0,0,0,0,0,0,0,0,0,0,Sensitive,,,-,-,-,-,-,-,-,-,-,-,-,-,-,-,-,-,-,-,-,-,-,,,
1230106,WMB1498,ERR3256231,RIT_Philippines,RIT_Philippines,26/03/2012,Philippines,6.6846237,124.9602484,Sultan Kudarat,Mindanao,lineage1,lineage1.2.1,Susceptible,0,0,0,0,0,0,0,0,0,0,0,0,Sensitive,,,-,-,-,-,-,-,-,-,-,-,-,-,-,-,-,-,-,-,-,-,-,,,
1230110,phil_0042,ERR3256232,RIT_Philippines,RIT_Philippines,18/04/2012,Philippines,6.6846237,124.9602484,Sultan Kudarat,Mindanao,lineage1,lineage1.2.1,Susceptible,0,0,0,0,0,0,0,0,0,0,0,0,Sensitive,,,-,-,-,-,-,-,-,-,-,-,-,-,-,-,-,-,-,-,-,-,-,,,
1310108,phil_0102,ERR3256233,RIT_Philippines,RIT_Philippines,12/01/2012,Philippines,14.6402258,120.982344,Metropolitan Manila,Luzon,lineage1,lineage1.2.1,Drug-resistant,0,0,0,1,0,0,0,0,0,0,0,0,Drug-resistant,,,-,-,-,-,-,-,-,-,-,-,katG_p.Ser315Thr,-,-,-,-,-,-,-,-,-,-,,,
1310202,phil_0143,ERR3256234,RIT_Philippines,RIT_Philippines,17/10/2011,Philippines,14.6474931,120.9779063,Metropolitan Manila,Luzon,lineage4,lineage4.3.4.2,MDR,0,0,0,1,0,0,1,0,0,0,1,0,MDR,R,,-,-,-,rpoB_p.Ser450Leu,-,-,-,-,-,-,katG_p.Ser315Thr,-,-,-,-,-,-,-,-,-,-,,,
1310204,phil_0144,ERR3256235,RIT_Philippines,RIT_Philippines,02/11/2011,Philippines,14.6474931,120.9779063,Metropolitan Manila,Luzon,lineage1,lineage1.2.1,MDR,0,0,0,1,0,0,1,1,0,0,1,0,MDR,R,,rpsL_p.Lys43Arg,-,-,rpoB_p.Ser441Leu,-,-,-,-,-,embB_p.Met306Ile,katG_p.Ser315Thr,-,-,-,-,-,-,-,-,-,-,,,
1310205,phil_0145,ERR3256236,RIT_Philippines,RIT_Philippines,23/01/2012,Philippines,14.6474931,120.9779063,Metropolitan Manila,Luzon,lineage4,lineage4.3.4.1,MDR,0,0,0,1,0,0,1,0,0,0,1,0,Drug-resistant,,,-,-,-,rpoB_p.Ser450Leu,-,-,-,-,-,-,-,-,-,-,-,-,-,-,-,-,-,,,
1310209,phil_0146,ERR3256237,RIT_Philippines,RIT_Philippines,20/03/2012,Philippines,14.6474931,120.9779063,Metropolitan Manila,Luzon,lineage1,lineage1.2.1,MDR,0,0,1,1,0,0,1,1,0,0,1,0,MDR,R,,rrs_r.514a>c,-,-,rpoB_p.Ser450Leu,-,-,-,-,-,embA_c.-16C>T,fabG1_c.-15C>T, inhA_p.Ile21Val,-,-,fabG1_c.-15C>T,-,pncA_99Y>99*,-,-,-,-,-,,
1310502,phil_0147,ERR3256238,RIT_Philippines,RIT_Philippines,01/01/2888,Philippines,14.7103369,120.9596934,Metropolitan Manila,Luzon,lineage4,lineage4.1.1.3,MDR,0,0,NA,1,0,0,1,NA,0,0,1,0,MDR,R,,-,-,-,rpoB_p.His445Tyr,-,-,-,-,-,embB_p.Met306Ile,fabG1_c.-15C>T, katG_p.Ser315Thr,-,-,fabG1_c.-15C>T,-,-,-,-,-,-,-,,
1310714,phil_0148,ERR3256239,RIT_Philippines,RIT_Philippines,03/02/2012,Philippines,14.6542643,120.9796828,Metropolitan Manila,Luzon,lineage4,lineage4.3.4.1,Drug-resistant,0,0,0,1,0,0,NA,0,0,0,0,0,MDR,R,,-,-,-,rpoB_p.Ser450Leu,-,-,-,-,-,embB_p.Met306Ile,katG_p.Ser315Thr,-,-,-,-,-,-,-,-,-,-,,,
1310722,phil_0103,ERR3256240,RIT_Philippines,RIT_Philippines,27/07/2012,Philippines,14.6542643,120.9796828,Metropolitan Manila,Luzon,lineage1,lineage1.2.1,Drug-resistant,0,0,0,0,0,0,0,1,0,0,0,0,Drug-resistant,,,rpsL_p.Lys88Arg,-,-,-,-,-,-,-,-,-,-,-,-,-,-,-,-,-,-,-,-,,,
1310807,phil_0149,ERR3256241,RIT_Philippines,RIT_Philippines,05/03/2012,Philippines,14.6362561,120.9777546,Metropolitan Manila,Luzon,lineage1,lineage1.2.1,MDR,0,0,0,1,0,0,1,1,0,0,1,0,MDR,R,,rrs_r.514a>c,-,-,rpoB_p.Asp435Tyr,-,-,-,-,-,-,fabG1_c.-15C>T,-,-,fabG1_c.-15C>T,-,-,-,-,-,-,-,,,
1310810,phil_0104,ERR3256242,RIT_Philippines,RIT_Philippines,28/02/2012,Philippines,14.6362561,120.9777546,Metropolitan Manila,Luzon,lineage1,lineage1.2.1,Susceptible,0,0,0,NA,0,0,0,0,0,0,0,0,Drug-resistant,,,-,-,-,-,-,-,-,-,-,-,katG_p.Ser315Thr,-,-,-,-,-,-,-,-,-,-,,,
1320106,phil_0043,ERR3256243,RIT_Philippines,RIT_Philippines,24/10/2011,Philippines,14.4333084,121.0112822,Metropolitan Manila,Luzon,lineage1,lineage1.2.1,Susceptible,0,0,0,0,0,0,0,0,0,0,0,0,Sensitive,,,-,-,-,-,-,-,-,-,-,-,-,-,-,-,-,-,-,-,-,-,-,,,
1330102,phil_0150,ERR3256244,RIT_Philippines,RIT_Philippines,08/02/2012,Philippines,14.6007852,120.9843053,Metropolitan Manila,Luzon,lineage4,lineage4.5,Susceptible,0,0,0,NA,0,0,NA,NA,0,0,NA,NA,MDR,R,,rpsL_p.Lys88Arg,-,-,rpoB_p.His445Tyr,-,-,-,-,-,-,katG_p.Ser315Thr,-,-,-,-,-,-,-,-,-,-,,,
1330205,phil_0105,ERR3256245,RIT_Philippines,RIT_Philippines,14/11/2011,Philippines,14.6224398,120.9868526,Metropolitan Manila,Luzon,lineage4,lineage4.1.2.1,Drug-resistant,0,0,0,NA,1,0,0,NA,1,0,0,0,Drug-resistant,,,-,-,-,-,-,-,-,-,-,-,katG_p.Ser315Thr,-,-,-,-,-,-,-,-,-,-,,,
1340103,phil_0151,ERR3256246,RIT_Philippines,RIT_Philippines,24/10/2011,Philippines,14.3813362,121.0258593,Metropolitan Manila,Luzon,lineage4,lineage4.3.4.1,Susceptible,0,0,0,NA,0,0,NA,0,0,0,NA,NA,MDR,R,,-,-,-,rpoB_p.Ser450Leu,-,-,-,-,-,embB_p.Met306Ile,katG_p.Ser315Thr,-,-,-,-,-,-,-,-,-,-,,,
1340113,phil_0044,ERR3256247,RIT_Philippines,RIT_Philippines,17/01/2012,Philippines,14.3813362,121.0258593,Metropolitan Manila,Luzon,lineage4,lineage4.3.4.1,Drug-resistant,0,0,0,0,1,0,0,0,1,0,0,0,Sensitive,,,-,-,-,-,-,-,-,-,-,-,-,-,-,-,-,-,-,-,-,-,-,,,
1340138,phil_0045,ERR3256248,RIT_Philippines,RIT_Philippines,19/03/2012,Philippines,14.3813362,121.0258593,Metropolitan Manila,Luzon,lineage1,lineage1.2.1,Susceptible,0,0,0,0,0,0,0,0,0,0,0,0,Sensitive,,,-,-,-,-,-,-,-,-,-,-,-,-,-,-,-,-,-,-,-,-,-,,,
1340154,phil_0106,ERR3256249,RIT_Philippines,RIT_Philippines,18/06/2012,Philippines,14.3813362,121.0258593,Metropolitan Manila,Luzon,lineage1,lineage1.2.1,Susceptible,0,0,0,NA,0,0,0,0,0,0,0,0,Sensitive,,,-,-,-,-,-,-,-,-,-,-,-,-,-,-,-,-,-,-,-,-,-,,,
1350602,phil_0046,ERR3256250,RIT_Philippines,RIT_Philippines,09/11/2011,Philippines,14.5556971,120.9953389,Metropolitan Manila,Luzon,lineage1,lineage1.2.1,Susceptible,0,0,0,0,0,0,0,0,0,0,0,0,Sensitive,,,-,-,-,-,-,-,-,-,-,-,-,-,-,-,-,-,-,-,-,-,-,,,
1350606,phil_0107,ERR3256251,RIT_Philippines,RIT_Philippines,28/03/2012,Philippines,14.5557364,120.9957719,Metropolitan Manila,Luzon,lineage1,lineage1.2.1,Drug-resistant,0,0,0,1,0,0,0,0,0,0,0,0,Drug-resistant,,,-,-,-,-,-,-,-,-,-,-,fabG1_c.-15C>T,-,-,fabG1_c.-15C>T,-,-,-,-,-,-,-,,,
1350705,phil_0152,ERR3256252,RIT_Philippines,RIT_Philippines,23/11/2011,Philippines,14.5564253,120.9979378,Metropolitan Manila,Luzon,lineage4,lineage4.1.2.1,Susceptible,0,0,NA,NA,0,0,NA,0,0,0,NA,NA,MDR,R,,-,-,-,rpoB_p.Ser450Leu,-,-,-,-,-,embB_p.Met306Ile,katG_p.Ser315Thr,-,-,-,-,-,-,-,-,-,-,,,
1350901,phil_0047,ERR3256253,RIT_Philippines,RIT_Philippines,09/11/2011,Philippines,14.5415494,121.0066193,Metropolitan Manila,Luzon,lineage1,lineage1.2.1,Susceptible,0,0,0,0,0,0,0,0,0,0,0,0,Sensitive,,,-,-,-,-,-,-,-,-,-,-,-,-,-,-,-,-,-,-,-,-,-,,,
1360210,phil_0153,ERR3256254,RIT_Philippines,RIT_Philippines,05/02/2012,Philippines,14.6841162,120.9921639,Metropolitan Manila,Luzon,lineage4,lineage4.3.4.2,Susceptible,0,0,0,NA,0,0,NA,0,0,0,NA,NA,MDR,R,,gid_c.386_386del,-,-,rpoB_p.Ser450Leu,-,-,-,-,-,-,katG_p.Ser315Thr,-,-,-,-,-,-,-,-,-,-,,,
1360410,phil_0154,ERR3256255,RIT_Philippines,RIT_Philippines,18/05/2012,Philippines,14.6240347,121.0302309,Metropolitan Manila,Luzon,lineage4,lineage4.3.4.1,Drug-resistant,1,1,NA,NA,1,0,NA,NA,1,0,NA,NA,MDR,R,,rrs_r.514a>c,-,-,rpoB_p.Ser450Leu,-,rrs_r.1401a>g,-,rrs_r.1401a>g,-,embB_p.Met306Val,katG_p.Ser315Thr,rrs_r.1401a>g,-,-,rrs_r.1401a>g,pncA_p.Leu172Pro,-,-,-,-,-,,,
1360510,phil_0156,ERR3256256,RIT_Philippines,RIT_Philippines,14/12/2011,Philippines,14.6213532,121.0112743,Metropolitan Manila,Luzon,lineage4,lineage4.3.4.2,Drug-resistant,1,1,NA,NA,1,0,NA,NA,1,0,NA,NA,Drug-resistant,,,-,-,-,-,-,-,-,-,-,-,katG_p.Ser315Thr,-,-,-,-,-,-,-,-,-,-,,,
1360605,phil_0108,ERR3256257,RIT_Philippines,RIT_Philippines,07/12/2011,Philippines,14.6076366,121.0196238,Metropolitan Manila,Luzon,lineage1,lineage1.2.1,Susceptible,0,0,0,NA,0,0,0,0,0,0,0,0,Drug-resistant,,,-,-,-,-,-,-,-,-,-,-,katG_p.Ser315Thr,-,-,-,-,-,-,-,-,-,-,,,
1360610,phil_0157,ERR3256258,RIT_Philippines,RIT_Philippines,04/04/2012,Philippines,14.6076366,121.0196238,Metropolitan Manila,Luzon,lineage1,lineage1.2.1,Susceptible,0,0,NA,NA,0,0,NA,NA,0,0,NA,NA,MDR,R,,-,-,-,rpoB_p.Ser450Leu,-,-,-,-,-,embB_p.Tyr334His,katG_p.Ser315Thr,-,-,-,-,-,-,-,-,-,-,,,
1380201,phil_0159,ERR3256259,RIT_Philippines,RIT_Philippines,04/10/2011,Philippines,14.6747688,120.9431204,Metropolitan Manila,Luzon,lineage4,lineage4.3.4.2,Susceptible,0,NA,0,NA,0,0,NA,NA,0,0,NA,NA,MDR,R,,gid_c.386_386del,-,-,rpoB_p.Ser450Leu,-,-,-,-,-,-,katG_p.Ser315Thr,-,-,-,-,-,-,-,-,-,-,,,
1380503,phil_0109,ERR3256260,RIT_Philippines,RIT_Philippines,17/01/2012,Philippines,14.6715447,120.9702216,Metropolitan Manila,Luzon,lineage1,lineage1.2.1,Susceptible,0,0,0,0,0,0,0,NA,0,0,0,0,Sensitive,,,-,-,-,-,-,-,-,-,-,-,-,-,-,-,-,-,-,-,-,-,-,,,
1380710,phil_0049,ERR3256261,RIT_Philippines,RIT_Philippines,14/03/2012,Philippines,14.665909,120.9695109,Metropolitan Manila,Luzon,lineage1,lineage1.2.1,Susceptible,0,0,0,0,0,0,0,0,0,0,0,0,Sensitive,,,-,-,-,-,-,-,-,-,-,-,-,-,-,-,-,-,-,-,-,-,-,,,
1510308,phil_0110,ERR3256262,RIT_Philippines,RIT_Philippines,23/03/2012,Philippines,8.0345872,124.2263677,Lanao del Sur,Mindanao,lineage4,lineage4.3.4.1,Susceptible,0,0,0,0,0,0,0,NA,0,0,0,0,Sensitive,,,-,-,-,-,-,-,-,-,-,-,-,-,-,-,-,-,-,-,-,-,-,,,
1510523,phil_0160,ERR3256263,RIT_Philippines,RIT_Philippines,10/04/2012,Philippines,7.9657529,124.1655915,Lanao del Sur,Mindanao,lineage4,lineage4.3.4.1,Susceptible,0,0,NA,NA,0,0,NA,NA,0,0,NA,NA,MDR,R,,-,-,-,rpoB_p.Asp435Glu, rpoB_p.Ser441Leu,-,-,-,-,-,embB_p.Met306Ile, embB_p.Asp328Gly,katG_p.Ser315Thr, fabG1_c.-8T>C,-,-,fabG1_c.-8T>C,-,pncA_p.Val139Gly,-,-,-,-,-
1520305,phil_0161,ERR3256264,RIT_Philippines,RIT_Philippines,17/02/2012,Philippines,6.7232953,124.885711,Maguindanao,Mindanao,lineage1,lineage1.2.1,Susceptible,0,0,0,NA,0,0,NA,0,0,0,NA,NA,MDR,R,,-,-,-,rpoB_p.Ser450Leu,-,-,-,-,-,-,katG_p.Ser315Thr,-,-,-,-,-,-,-,-,-,-,,,
1520410,phil_0163,ERR3256265,RIT_Philippines,RIT_Philippines,27/04/2012,Philippines,6.7290369,124.7845613,Maguindanao,Mindanao,lineage1,lineage1.2.1,Susceptible,0,0,0,NA,0,0,NA,NA,0,0,NA,NA,MDR,R,,-,-,-,rpoB_p.Ser450Leu,-,-,-,-,-,-,fabG1_c.-15C>T,-,-,fabG1_c.-15C>T,-,-,-,-,-,-,-,,,
1520527,phil_0111,ERR3256266,RIT_Philippines,RIT_Philippines,24/04/2012,Philippines,6.7290369,124.7845613,Maguindanao,Mindanao,lineage1,lineage1.2.1,Susceptible,0,0,0,NA,0,0,0,0,0,0,0,0,Drug-resistant,,,-,-,-,-,-,-,-,-,-,-,fabG1_c.-15C>T,-,-,fabG1_c.-15C>T,-,-,-,-,-,-,-,,,
1620603,WMB1504,ERR3256267,RIT_Philippines,RIT_Philippines,18/10/2011,Philippines,9.622837,125.4011893,Surigao del Norte,Mindanao,lineage1,lineage1.2.1,Drug-resistant,0,NA,0,1,0,0,0,0,0,0,0,0,Drug-resistant,,,-,-,-,-,-,-,-,-,-,-,fabG1_c.-15C>T,-,-,fabG1_c.-15C>T,-,-,-,-,-,-,-,,,
1620902,phil_0050,ERR3256268,RIT_Philippines,RIT_Philippines,28/10/2011,Philippines,9.6636535,125.4955386,Surigao del Norte,Mindanao,lineage1,lineage1.2.1,Susceptible,0,0,0,0,0,0,0,0,0,0,0,0,Sensitive,,,-,-,-,-,-,-,-,-,-,-,-,-,-,-,-,-,-,-,-,-,-,,,
4110309,phil_0051,ERR3256269,RIT_Philippines,RIT_Philippines,23/11/2011,Philippines,13.88154,121.0544706,Batangas,Luzon,lineage1,lineage1.2.1,Susceptible,0,0,0,0,0,0,0,0,0,0,0,0,Sensitive,,,-,-,-,-,-,-,-,-,-,-,-,-,-,-,-,-,-,-,-,-,-,,,
4110320,phil_0164,ERR3256270,RIT_Philippines,RIT_Philippines,29/03/2012,Philippines,13.88154,121.0544706,Batangas,Luzon,lineage1,lineage1.2.1,Susceptible,0,0,NA,NA,0,0,NA,0,0,0,NA,NA,MDR,R,,-,-,gyrB_p.Asn499Lys,rpoB_p.Asp435Phe,gyrB_p.Asn499Lys,-,-,-,-,embB_p.Met306Val,katG_p.Ser315Thr,-,gyrB_p.Asn499Lys,-,-,pncA_p.Val139Ala,gyrB_p.Asn499Lys,gyrB_p.Asn499Lys,-,-,-,,,
4120121,WMB1505,ERR3256271,RIT_Philippines,RIT_Philippines,26/01/2012,Philippines,14.3049474,121.0067365,Cavite,Luzon,lineage1,lineage1.2.1,Susceptible,0,0,0,0,0,0,0,0,0,0,0,0,Sensitive,,,-,-,-,-,-,-,-,-,-,-,-,-,-,-,-,-,-,-,-,-,-,,,
4120137,phil_0112,ERR3256272,RIT_Philippines,RIT_Philippines,31/01/2012,Philippines,14.3049474,121.0067365,Cavite,Luzon,lineage1,lineage1.2.1,Susceptible,0,0,0,NA,0,0,0,0,0,0,0,0,Drug-resistant,,,-,-,-,-,-,-,-,-,-,-,ahpC_c.-74G>A, katG_p.Ser315Thr,-,-,-,-,-,-,-,-,-,-,,
4120216,phil_0113,ERR3256273,RIT_Philippines,RIT_Philippines,12/10/2011,Philippines,14.3018991,121.0224452,Cavite,Luzon,lineage1,lineage1.2.1,Susceptible,0,NA,NA,NA,0,0,0,NA,0,0,0,0,Drug-resistant,,,rpsL_p.Lys88Arg,-,-,-,-,-,-,-,-,embB_p.Gln497Lys,fabG1_c.-15C>T,-,-,fabG1_c.-15C>T,-,-,-,-,-,-,-,,,
4120223,phil_0052,ERR3256274,RIT_Philippines,RIT_Philippines,23/11/2011,Philippines,14.3018991,121.0224452,Cavite,Luzon,lineage1,lineage1.2.1,Susceptible,0,0,0,0,0,0,0,0,0,0,0,0,Sensitive,,,-,-,-,-,-,-,-,-,-,-,-,-,-,-,-,-,-,-,-,-,-,,,
4130104,phil_0053,ERR3256275,RIT_Philippines,RIT_Philippines,03/01/2012,Philippines,14.2800222,121.0532046,Laguna,Luzon,lineage1,lineage1.2.1,Susceptible,0,0,0,0,0,0,0,0,0,0,0,0,Sensitive,,,-,-,-,-,-,-,-,-,-,-,-,-,-,-,-,-,-,-,-,-,-,,,
4130120,phil_0054,ERR3256276,RIT_Philippines,RIT_Philippines,15/02/2012,Philippines,14.2800222,121.0532046,Laguna,Luzon,lineage1,lineage1.2.1,Susceptible,0,0,0,0,0,0,0,0,0,0,0,0,Sensitive,,,-,-,-,-,-,-,-,-,-,-,-,-,-,-,-,-,-,-,-,-,-,,,
4130229,phil_0114,ERR3256277,RIT_Philippines,RIT_Philippines,02/05/2012,Philippines,14.2800222,121.0532046,Laguna,Luzon,lineage1,lineage1.2.1,Susceptible,0,0,0,NA,0,0,0,0,0,0,0,0,Sensitive,,,-,-,-,-,-,-,-,-,-,-,-,-,-,-,-,-,-,-,-,-,-,,,
4140217,WMB1503,ERR3256278,RIT_Philippines,RIT_Philippines,21/11/2011,Philippines,13.9714811,121.6851808,Quezon,Luzon,lineage1,lineage1.2.1,Susceptible,0,0,0,NA,0,0,NA,NA,0,0,NA,NA,MDR,R,,rpsL_p.Lys88Arg,-,-,rpoB_p.Ser450Leu,-,-,-,-,-,-,katG_p.Ser315Thr,-,-,-,-,-,-,-,-,-,-,,,
4150111,phil_0166,ERR3256279,RIT_Philippines,RIT_Philippines,30/03/2012,Philippines,14.5590741,121.2051787,Rizal,Luzon,lineage1,lineage1.2.1,Susceptible,0,0,0,NA,0,0,NA,0,0,0,NA,NA,MDR,R,,-,-,-,rpoB_c.1295_1303del,-,-,-,-,-,-,katG_p.Ser315Thr,-,-,-,-,-,-,-,-,-,-,,,
4150401,phil_0178,ERR3256280,RIT_Philippines,RIT_Philippines,18/01/2012,Philippines,14.51561,121.2371456,Rizal,Luzon,lineage1,lineage1.2.1,Susceptible,0,0,0,NA,0,0,NA,0,0,0,NA,NA,MDR,R,,-,-,-,rpoB_c.1295_1303del,-,-,-,-,-,-,katG_p.Ser315Thr,-,-,-,-,-,-,-,-,-,-,,,
4150405,phil_0179,ERR3256281,RIT_Philippines,RIT_Philippines,09/02/2012,Philippines,14.51561,121.2371456,Rizal,Luzon,lineage1,lineage1.2.1,Susceptible,0,0,0,NA,0,0,NA,0,0,0,NA,NA,MDR,R,,-,-,-,rpoB_p.His445Arg,-,-,-,-,-,-,katG_p.Ser315Thr,-,-,-,-,-,-,-,-,-,-,,,
4150421,phil_0115,ERR3256282,RIT_Philippines,RIT_Philippines,20/05/2012,Philippines,14.51561,121.2371456,Rizal,Luzon,lineage1,lineage1.2.1,Susceptible,0,0,0,NA,0,0,0,0,0,0,0,0,Drug-resistant,,,-,-,-,-,-,-,-,-,-,-,fabG1_c.-15C>T,-,-,fabG1_c.-15C>T,-,-,-,-,-,-,-,,,
4150423,phil_0180,ERR3256283,RIT_Philippines,RIT_Philippines,24/04/2012,Philippines,14.51561,121.2371456,Rizal,Luzon,lineage4,lineage4.3.2,Drug-resistant,0,0,0,NA,1,0,NA,NA,1,0,NA,NA,MDR,R,,-,-,-,rpoB_p.Ser450Leu,-,-,-,-,-,-,katG_p.Ser315Thr,-,-,-,-,-,-,-,-,-,-,,,
4210217,phil_0055,ERR3256284,RIT_Philippines,RIT_Philippines,28/12/2011,Philippines,13.2310917,120.5763652,Occidental Mindoro,Luzon,lineage1,lineage1.2.1,Susceptible,0,0,0,0,0,0,0,0,0,0,0,0,Sensitive,,,-,-,-,-,-,-,-,-,-,-,-,-,-,-,-,-,-,-,-,-,-,,,
4220111,phil_0056,ERR3256285,RIT_Philippines,RIT_Philippines,01/12/2011,Philippines,11.1780425,119.3854096,Palawan,Luzon,lineage1,lineage1.2.1,Susceptible,0,0,0,0,0,0,0,0,0,0,0,0,Sensitive,,,-,-,-,-,-,-,-,-,-,-,-,-,-,-,-,-,-,-,-,-,-,,,
4220204,phil_0116,ERR3256286,RIT_Philippines,RIT_Philippines,08/11/2011,Philippines,10.554107,119.989053,Palawan,Luzon,lineage1,lineage1.2.1,Susceptible,0,0,NA,0,0,0,0,0,0,0,0,0,Sensitive,,,-,-,-,-,-,-,-,-,-,-,-,-,-,-,-,-,-,-,-,-,-,,,
4220501,phil_0117,ERR3256287,RIT_Philippines,RIT_Philippines,02/10/2011,Philippines,10.856937,119.211749,Palawan,Luzon,lineage1,lineage1.2.1,Susceptible,0,NA,0,NA,0,0,0,NA,0,0,0,0,Drug-resistant,,,rrs_r.514a>c,-,-,-,-,-,-,-,-,-,fabG1_c.-17G>T, katG_p.Ser315Thr,-,-,fabG1_c.-17G>T,-,-,-,-,-,-,-,,
4220514,phil_0057,ERR3256288,RIT_Philippines,RIT_Philippines,30/01/2012,Philippines,10.852791,119.216418,Palawan,Luzon,lineage1,lineage1.2.1,Susceptible,0,0,0,0,0,0,0,0,0,0,0,0,Sensitive,,,-,-,-,-,-,-,-,-,-,-,-,-,-,-,-,-,-,-,-,-,-,,,
