study_name,id,geographic_source,rifampicin,isoniazid,ethambutol,pyrazinamide,streptomycin,amikacin,kanamycin,capreomycin,ofloxacin,moxifloxacin,cycloserine,ethionamide,para-aminosalicylic_acid,rifabutin,clofazimine,linezolid,clarithromycin,run_accession,sample_accession,study_accession,accession,collected_by,collection_date,country,culture_collection,description,first_public,isolate,isolation_source,location,strain,tissue_type,sample_alias,center_name,environment_material,project_name,host,host_tax_id,host_status,host_sex,submitted_host_sex,host_body_site,broker_name,sample_title
dheda2017,ERR1873542,South Africa,1,1,0,1,1,1,1,1,0,0,0,0,0,1,0,0,0,ERR1873542,SAMEA95417668,PRJEB14199,SAMEA95417668,,2009-01-01,South Africa,,M. tuberculosis WGS,2017-03-07,Mycobacterium tuberculosis,sputum,,,,R5954,UNIVERSITY OF CAPE TOWN,,,homo sapien,9606,diseased,,,,,M. tuberculosis WGS
dheda2017,ERR1873536,South Africa,1,1,1,1,1,1,1,1,1,1,0,1,0,1,0,0,0,ERR1873536,SAMEA95531668,PRJEB14199,SAMEA95531668,,2009-01-01,South Africa,,M. tuberculosis WGS,2017-03-07,Mycobacterium tuberculosis,sputum,,,,R5317_LFO46Pool105_3311__L5_CGCTGATC_L005,UNIVERSITY OF CAPE TOWN,,,homo sapien,9606,diseased,,,,,M. tuberculosis WGS
dheda2017,ERR1873525,South Africa,1,1,1,1,0,1,1,1,1,1,0,1,0,1,0,0,0,ERR1873525,SAMEA95527168,PRJEB14199,SAMEA95527168,,2008-01-01,South Africa,,M. tuberculosis WGS,2017-03-07,Mycobacterium tuberculosis,sputum,,,,R4489_LFO46Pool105_3311__L5_AAACATCG_L005,UNIVERSITY OF CAPE TOWN,,,homo sapien,9606,diseased,,,,,M. tuberculosis WGS
dheda2017,ERR1873528,South Africa,1,1,1,1,1,1,1,1,1,1,1,0,0,0,0,0,0,ERR1873528,SAMEA95528668,PRJEB14199,SAMEA95528668,,2008-01-01,South Africa,,M. tuberculosis WGS,2017-03-07,Mycobacterium tuberculosis,sputum,,,,R4731_LFO46Pool105_3311__L5_AGTGGTCA_L005,UNIVERSITY OF CAPE TOWN,,,homo sapien,9606,diseased,,,,,M. tuberculosis WGS
dheda2017,ERR1873531,South Africa,1,1,0,1,0,0,0,1,1,0,1,0,0,0,0,0,1,ERR1873531,SAMEA95413918,PRJEB14199,SAMEA95413918,,2009-01-01,South Africa,,M. tuberculosis WGS,2017-03-07,Mycobacterium tuberculosis,sputum,,,,R4819,UNIVERSITY OF CAPE TOWN,,,homo sapien,9606,diseased,,,,,M. tuberculosis WGS
dheda2017,ERR1873530,South Africa,1,1,0,1,1,1,1,1,1,1,0,0,0,1,0,0,0,ERR1873530,SAMEA95413168,PRJEB14199,SAMEA95413168,,2009-01-01,South Africa,,M. tuberculosis WGS,2017-03-07,Mycobacterium tuberculosis,sputum,,,,R4817,UNIVERSITY OF CAPE TOWN,,,homo sapien,9606,diseased,,,,,M. tuberculosis WGS
dheda2017,ERR1873532,South Africa,1,1,1,1,0,0,1,1,0,0,0,0,0,0,0,0,0,ERR1873532,SAMEA95530168,PRJEB14199,SAMEA95530168,,2009-01-01,South Africa,,M. tuberculosis WGS,2017-03-07,Mycobacterium tuberculosis,sputum,,,,R4825_LFO46Pool105_3311__L5_CTCAATGA_L005,UNIVERSITY OF CAPE TOWN,,,homo sapien,9606,diseased,,,,,M. tuberculosis WGS
dheda2017,ERR1873534,South Africa,1,0,0,1,0,1,1,1,1,1,0,0,0,1,0,0,0,ERR1873534,SAMEA95414668,PRJEB14199,SAMEA95414668,,2009-01-01,South Africa,,M. tuberculosis WGS,2017-03-07,Mycobacterium tuberculosis,sputum,,,,R5065,UNIVERSITY OF CAPE TOWN,,,homo sapien,9606,diseased,,,,,M. tuberculosis WGS
dheda2017,ERR1873526,South Africa,1,1,0,1,1,1,1,1,1,1,1,0,0,1,0,0,0,ERR1873526,SAMEA95412418,PRJEB14199,SAMEA95412418,,2008-01-01,South Africa,,M. tuberculosis WGS,2017-03-07,Mycobacterium tuberculosis,sputum,,,,R4577,UNIVERSITY OF CAPE TOWN,,,homo sapien,9606,diseased,,,,,M. tuberculosis WGS
dheda2017,ERR1873537,South Africa,1,0,0,1,0,1,1,1,0,0,0,0,0,0,0,0,0,ERR1873537,SAMEA95532418,PRJEB14199,SAMEA95532418,,2009-01-01,South Africa,,M. tuberculosis WGS,2017-03-07,Mycobacterium tuberculosis,sputum,,,,R5318_LFO46Pool106_3312__L6_ATAGCGAC_L006,UNIVERSITY OF CAPE TOWN,,,homo sapien,9606,diseased,,,,,M. tuberculosis WGS
dheda2017,ERR1873533,South Africa,1,1,1,1,1,1,1,1,1,1,1,1,0,1,0,0,0,ERR1873533,SAMEA95530918,PRJEB14199,SAMEA95530918,,2009-01-01,South Africa,,M. tuberculosis WGS,2017-03-07,Mycobacterium tuberculosis,sputum,,,,R4863_LFO46Pool105_3311__L5_CAGATCTG_L005,UNIVERSITY OF CAPE TOWN,,,homo sapien,9606,diseased,,,,,M. tuberculosis WGS
dheda2017,ERR1873538,South Africa,1,1,0,1,1,1,1,1,1,1,0,1,0,1,0,0,0,ERR1873538,SAMEA95533168,PRJEB14199,SAMEA95533168,,2009-01-01,South Africa,,M. tuberculosis WGS,2017-03-07,Mycobacterium tuberculosis,sputum,,,,R5354_LFO46Pool105_3311__L5_ACAAGCTA_L005,UNIVERSITY OF CAPE TOWN,,,homo sapien,9606,diseased,,,,,M. tuberculosis WGS
dheda2017,ERR1873521,South Africa,1,1,0,1,1,1,1,1,1,1,0,1,0,1,0,0,0,ERR1873521,SAMEA95410168,PRJEB14199,SAMEA95410168,,2008-01-01,South Africa,,M. tuberculosis WGS,2017-03-07,mycobacterium tuberculosis,sputum,,,,R4312,UNIVERSITY OF CAPE TOWN,,,homo sapien,9606,diseased,,,,,M. tuberculosis WGS
dheda2017,ERR1873539,South Africa,1,1,0,1,1,1,1,1,1,1,0,0,0,0,0,0,0,ERR1873539,SAMEA95416168,PRJEB14199,SAMEA95416168,,2009-01-01,South Africa,,M. tuberculosis WGS,2017-03-07,Mycobacterium tuberculosis,sputum,,,,R5490,UNIVERSITY OF CAPE TOWN,,,homo sapien,9606,diseased,,,,,M. tuberculosis WGS
dheda2017,ERR1873540,South Africa,0,1,0,1,0,0,0,0,0,0,0,0,0,0,0,0,0,ERR1873540,SAMEA95533918,PRJEB14199,SAMEA95533918,,2009-01-01,South Africa,,M. tuberculosis WGS,2017-03-07,Mycobacterium tuberculosis,sputum,,,,R5847_LFO46Pool105_3311__L5_CTGTAGCC_L005,UNIVERSITY OF CAPE TOWN,,,homo sapien,9606,diseased,,,,,M. tuberculosis WGS
dheda2017,ERR1873541,South Africa,1,1,0,1,1,1,1,1,1,1,0,1,0,1,0,0,0,ERR1873541,SAMEA95416918,PRJEB14199,SAMEA95416918,,2009-01-01,South Africa,,M. tuberculosis WGS,2017-03-07,Mycobacterium tuberculosis,sputum,,,,R5908,UNIVERSITY OF CAPE TOWN,,,homo sapien,9606,diseased,,,,,M. tuberculosis WGS
dheda2017,ERR1873543,South Africa,1,0,0,1,0,1,1,1,0,0,0,1,0,1,0,0,0,ERR1873543,SAMEA95418418,PRJEB14199,SAMEA95418418,,2009-01-01,South Africa,,M. tuberculosis WGS,2017-03-07,Mycobacterium tuberculosis,sputum,,,,R6236,UNIVERSITY OF CAPE TOWN,,,homo sapien,9606,diseased,,,,,M. tuberculosis WGS
dheda2017,ERR1873550,South Africa,1,1,1,0,1,1,1,1,1,1,0,1,0,1,0,0,0,ERR1873550,SAMEA95537668,PRJEB14199,SAMEA95537668,,2009-01-01,South Africa,,M. tuberculosis WGS,2017-03-07,Mycobacterium tuberculosis,sputum,,,,R7895_LFO46Pool106_3312__L6_CGGATTGC_L006,UNIVERSITY OF CAPE TOWN,,,homo sapien,9606,diseased,,,,,M. tuberculosis WGS
dheda2017,ERR1873544,South Africa,1,1,0,1,1,1,1,1,1,0,1,0,1,1,0,0,0,ERR1873544,SAMEA95534668,PRJEB14199,SAMEA95534668,,2009-01-01,South Africa,,M. tuberculosis WGS,2017-03-07,Mycobacterium tuberculosis,sputum,,,,R6297_LFO46Pool105_3311__L5_AACAACCA_L005,UNIVERSITY OF CAPE TOWN,,,homo sapien,9606,diseased,,,,,M. tuberculosis WGS
dheda2017,ERR1873545,South Africa,0,0,0,1,0,0,0,1,0,0,0,0,0,0,0,0,0,ERR1873545,SAMEA95419168,PRJEB14199,SAMEA95419168,,2009-01-01,South Africa,,M. tuberculosis WGS,2017-03-07,Mycobacterium tuberculosis,sputum,,,,R6560,UNIVERSITY OF CAPE TOWN,,,homo sapien,9606,diseased,,,,,M. tuberculosis WGS
dheda2017,ERR1873546,South Africa,1,1,0,1,1,0,0,0,1,0,0,1,0,1,0,0,0,ERR1873546,SAMEA95419918,PRJEB14199,SAMEA95419918,,2009-01-01,South Africa,,M. tuberculosis WGS,2017-03-07,Mycobacterium tuberculosis,sputum,,,,R6630,UNIVERSITY OF CAPE TOWN,,,homo sapien,9606,diseased,,,,,M. tuberculosis WGS
dheda2017,ERR1873529,South Africa,1,1,1,1,1,1,1,1,1,1,1,1,1,1,0,0,0,ERR1873529,SAMEA95529418,PRJEB14199,SAMEA95529418,,2008-01-01,South Africa,,M. tuberculosis WGS,2017-03-07,Mycobacterium tuberculosis,sputum,,,,R4801_LFO46Pool106_3312__L6_AGGCTAAC_L006,UNIVERSITY OF CAPE TOWN,,,homo sapien,9606,diseased,,,,,M. tuberculosis WGS
dheda2017,ERR1873535,South Africa,1,0,0,1,0,1,1,1,0,0,0,0,0,1,0,0,0,ERR1873535,SAMEA95415418,PRJEB14199,SAMEA95415418,,2009-01-01,South Africa,,M. tuberculosis WGS,2017-03-07,Mycobacterium tuberculosis,sputum,,,,R5166,UNIVERSITY OF CAPE TOWN,,,homo sapien,9606,diseased,,,,,M. tuberculosis WGS
dheda2017,ERR1873547,South Africa,1,1,1,1,1,1,1,1,1,1,1,1,0,1,0,0,0,ERR1873547,SAMEA95535418,PRJEB14199,SAMEA95535418,,2009-01-01,South Africa,,M. tuberculosis WGS,2017-03-07,Mycobacterium tuberculosis,sputum,,,,R6768_LFO46Pool106_3312__L6_CCATCCTC_L006,UNIVERSITY OF CAPE TOWN,,,homo sapien,9606,diseased,,,,,M. tuberculosis WGS
dheda2017,ERR1873551,South Africa,1,1,0,1,1,1,1,1,1,1,1,0,0,0,0,0,0,ERR1873551,SAMEA95420668,PRJEB14199,SAMEA95420668,,2009-01-01,South Africa,,M. tuberculosis WGS,2017-03-07,Mycobacterium tuberculosis,sputum,,,,R8081,UNIVERSITY OF CAPE TOWN,,,homo sapien,9606,diseased,,,,,M. tuberculosis WGS
dheda2017,ERR1873524,South Africa,1,1,0,1,1,1,1,1,1,1,0,0,0,1,0,0,0,ERR1873524,SAMEA95411668,PRJEB14199,SAMEA95411668,,2008-01-01,South Africa,,M. tuberculosis WGS,2017-03-07,Mycobacterium tuberculosis,sputum,,,,R4488,UNIVERSITY OF CAPE TOWN,,,homo sapien,9606,diseased,,,,,M. tuberculosis WGS
dheda2017,ERR1873527,South Africa,1,0,0,1,1,1,1,1,1,0,0,1,0,1,0,0,0,ERR1873527,SAMEA95527918,PRJEB14199,SAMEA95527918,,2008-01-01,South Africa,,M. tuberculosis WGS,2017-03-07,Mycobacterium tuberculosis,sputum,,,,R4674_LFO46Pool106_3312__L6_AGCCATGC_L006,UNIVERSITY OF CAPE TOWN,,,homo sapien,9606,diseased,,,,,M. tuberculosis WGS
dheda2017,ERR1873523,South Africa,1,1,0,1,0,1,1,1,1,1,0,1,0,1,0,0,0,ERR1873523,SAMEA95410918,PRJEB14199,SAMEA95410918,,2008-01-01,South Africa,,M. tuberculosis WGS,2017-03-07,Mycobacterium tuberculosis,sputum,,,,R4465,UNIVERSITY OF CAPE TOWN,,,homo sapien,9606,diseased,,,,,M. tuberculosis WGS
dheda2017,ERR1873548,South Africa,1,1,0,1,0,1,1,1,0,0,0,0,0,0,0,0,0,ERR1873548,SAMEA95536168,PRJEB14199,SAMEA95536168,,2009-01-01,South Africa,,M. tuberculosis WGS,2017-03-07,Mycobacterium tuberculosis,sputum,,,,R6881_LFO46Pool105_3311__L5_AACGCTTA_L005,UNIVERSITY OF CAPE TOWN,,,homo sapien,9606,diseased,,,,,M. tuberculosis WGS
dheda2017,ERR1873522,South Africa,1,0,0,0,0,0,0,0,0,0,0,0,0,1,0,0,0,ERR1873522,SAMEA95526418,PRJEB14199,SAMEA95526418,,2008-01-01,South Africa,,M. tuberculosis WGS,2017-03-07,Mycobacterium tuberculosis,sputum,,,,R4330_LFO46Pool106_3312__L6_AGCACCTC_L006,UNIVERSITY OF CAPE TOWN,,,homo sapien,9606,diseased,,,,,M. tuberculosis WGS
dheda2017,ERR1873553,South Africa,1,1,0,1,0,1,1,1,1,0,0,0,0,1,0,0,0,ERR1873553,SAMEA95539168,PRJEB14199,SAMEA95539168,,2010-01-01,South Africa,,M. tuberculosis WGS,2017-03-07,Mycobacterium tuberculosis,sputum,,,,R8247_LFO46Pool105_3311__L5_GAATCTGA_L005,UNIVERSITY OF CAPE TOWN,,,homo sapien,9606,diseased,,,,,M. tuberculosis WGS
dheda2017,ERR1873447,South Africa,1,1,0,1,0,1,1,1,0,0,0,0,0,1,0,0,0,ERR1873447,SAMEA95488918,PRJEB14199,SAMEA95488918,,2010-01-01,South Africa,,M. tuberculosis WGS,2017-03-07,Mycobacterium tuberculosis,sputum,,,,R10447_LFO46Pool105_3311__L5_GATAGACA_L005,UNIVERSITY OF CAPE TOWN,,,homo sapien,9606,diseased,,,,,M. tuberculosis WGS
dheda2017,ERR1873470,South Africa,1,1,0,1,0,1,1,1,0,0,0,0,0,0,0,0,0,ERR1873470,SAMEA95436418,PRJEB14199,SAMEA95436418,,2011-01-01,South Africa,,M. tuberculosis WGS,2017-03-07,Mycobacterium tuberculosis,sputum,,,,R13319,UNIVERSITY OF CAPE TOWN,,,homo sapien,9606,diseased,,,,,M. tuberculosis WGS
dheda2017,ERR1873554,South Africa,1,1,0,1,1,0,0,1,1,0,0,0,0,1,0,0,0,ERR1873554,SAMEA95421418,PRJEB14199,SAMEA95421418,,2010-01-01,South Africa,,M. tuberculosis WGS,2017-03-07,Mycobacterium tuberculosis,sputum,,,,R8695,UNIVERSITY OF CAPE TOWN,,,homo sapien,9606,diseased,,,,,M. tuberculosis WGS
dheda2017,ERR1873552,South Africa,1,1,1,1,1,1,1,1,1,1,1,1,1,1,0,0,0,ERR1873552,SAMEA95538418,PRJEB14199,SAMEA95538418,,2009-01-01,South Africa,,M. tuberculosis WGS,2017-03-07,Mycobacterium tuberculosis,sputum,,,,R8194_LFO46Pool106_3312__L6_CTAAGGTC_L006,UNIVERSITY OF CAPE TOWN,,,homo sapien,9606,diseased,,,,,M. tuberculosis WGS
dheda2017,ERR1873555,South Africa,1,0,0,1,0,0,0,1,1,0,0,1,0,1,0,0,0,ERR1873555,SAMEA95539918,PRJEB14199,SAMEA95539918,,2010-01-01,South Africa,,M. tuberculosis WGS,2017-03-07,Mycobacterium tuberculosis,sputum,,,,R9016_LFO46Pool105_3311__L5_CAAGACTA_L005,UNIVERSITY OF CAPE TOWN,,,homo sapien,9606,diseased,,,,,M. tuberculosis WGS
dheda2017,ERR1873561,South Africa,1,1,0,1,1,1,1,1,1,1,1,1,1,1,0,0,0,ERR1873561,SAMEA95541418,PRJEB14199,SAMEA95541418,,2010-01-01,South Africa,,M. tuberculosis WGS,2017-03-07,Mycobacterium tuberculosis,sputum,,,,R9714_LFO46Pool105_3311__L5_ACCTCCAA_L005,UNIVERSITY OF CAPE TOWN,,,homo sapien,9606,diseased,,,,,M. tuberculosis WGS
dheda2017,ERR1873556,South Africa,1,1,0,1,0,1,1,1,1,0,0,1,0,1,0,0,NA,ERR1873556,SAMEA95422168,PRJEB14199,SAMEA95422168,,2010-01-01,South Africa,,M. tuberculosis WGS,2017-03-07,Mycobacterium tuberculosis,sputum,,,,R9261,UNIVERSITY OF CAPE TOWN,,,homo sapien,9606,diseased,,,,,M. tuberculosis WGS
dheda2017,ERR1873557,South Africa,1,0,0,1,0,1,1,1,1,0,0,1,0,1,0,0,0,ERR1873557,SAMEA95540668,PRJEB14199,SAMEA95540668,,2010-01-01,South Africa,,M. tuberculosis WGS,2017-03-07,Mycobacterium tuberculosis,sputum,,,,R9303_LFO46Pool106_3312__L6_GACAGTGC_L006,UNIVERSITY OF CAPE TOWN,,,homo sapien,9606,diseased,,,,,M. tuberculosis WGS
dheda2017,ERR1873436,South Africa,1,1,1,1,0,1,1,1,1,1,0,1,0,1,0,0,0,ERR1873436,SAMEA95482918,PRJEB14199,SAMEA95482918,,2010-01-01,South Africa,,M. tuberculosis WGS,2017-03-07,Mycobacterium tuberculosis,sputum,,,,M_tuberculosis__R11121_LFO46Pool106_3312__L6_AACGTGAT_L006,UNIVERSITY OF CAPE TOWN,,,homo sapien,9606,diseased,,,,,M. tuberculosis WGS
dheda2017,ERR1873558,South Africa,1,0,0,1,0,1,1,1,1,0,0,1,0,1,0,0,0,ERR1873558,SAMEA95422918,PRJEB14199,SAMEA95422918,,2010-01-01,South Africa,,M. tuberculosis WGS,2017-03-07,Mycobacterium tuberculosis,sputum,,,,R9362,UNIVERSITY OF CAPE TOWN,,,homo sapien,9606,diseased,,,,,M. tuberculosis WGS
dheda2017,ERR1873564,South Africa,1,1,0,1,1,1,1,1,1,1,1,0,0,1,0,0,0,ERR1873564,SAMEA95425918,PRJEB14199,SAMEA95425918,,2010-01-01,South Africa,,M. tuberculosis WGS,2017-03-07,Mycobacterium tuberculosis,sputum,,,,R9882,UNIVERSITY OF CAPE TOWN,,,homo sapien,9606,diseased,,,,,M. tuberculosis WGS
dheda2017,ERR1873448,South Africa,1,1,1,1,1,1,1,1,1,0,0,0,0,1,0,0,0,ERR1873448,SAMEA95489668,PRJEB14199,SAMEA95489668,,2010-01-01,South Africa,,M. tuberculosis WGS,2017-03-07,Mycobacterium tuberculosis,sputum,,,,R10512_LFO46Pool105_3311__L5_AGAGTCAA_L005,UNIVERSITY OF CAPE TOWN,,,homo sapien,9606,diseased,,,,,M. tuberculosis WGS
dheda2017,ERR1873442,South Africa,1,0,0,0,0,0,0,1,1,0,0,0,0,1,0,0,0,ERR1873442,SAMEA95427418,PRJEB14199,SAMEA95427418,,2010-01-01,South Africa,,M. tuberculosis WGS,2017-03-07,Mycobacterium tuberculosis,sputum,,,,R10078,UNIVERSITY OF CAPE TOWN,,,homo sapien,9606,diseased,,,,,M. tuberculosis WGS
dheda2017,ERR1873444,South Africa,1,1,0,1,0,1,1,1,1,1,0,0,0,1,0,0,0,ERR1873444,SAMEA95428918,PRJEB14199,SAMEA95428918,,2010-01-01,South Africa,,M. tuberculosis WGS,2017-03-07,Mycobacterium tuberculosis,sputum,,,,R10319,UNIVERSITY OF CAPE TOWN,,,homo sapien,9606,diseased,,,,,M. tuberculosis WGS
dheda2017,ERR1873563,South Africa,0,0,0,1,0,0,0,1,0,0,0,0,0,0,0,0,0,ERR1873563,SAMEA95542168,PRJEB14199,SAMEA95542168,,2010-01-01,South Africa,,M. tuberculosis WGS,2017-03-07,Mycobacterium tuberculosis,sputum,,,,R9779_LFO46Pool106_3312__L6_GAGTTAGC_L006,UNIVERSITY OF CAPE TOWN,,,homo sapien,9606,diseased,,,,,M. tuberculosis WGS
dheda2017,ERR1873560,South Africa,1,1,1,1,0,1,1,1,1,0,0,1,0,1,0,0,0,ERR1873560,SAMEA95424418,PRJEB14199,SAMEA95424418,,2010-01-01,South Africa,,M. tuberculosis WGS,2017-03-07,Mycobacterium tuberculosis,sputum,,,,R9490,UNIVERSITY OF CAPE TOWN,,,homo sapien,9606,diseased,,,,,M. tuberculosis WGS
dheda2017,ERR1873559,South Africa,1,0,0,1,0,1,1,0,1,1,0,1,0,1,0,0,0,ERR1873559,SAMEA95423668,PRJEB14199,SAMEA95423668,,2010-01-01,South Africa,,M. tuberculosis WGS,2017-03-07,Mycobacterium tuberculosis,sputum,,,,R9437,UNIVERSITY OF CAPE TOWN,,,homo sapien,9606,diseased,,,,,M. tuberculosis WGS
dheda2017,ERR1873565,South Africa,1,0,0,1,0,1,1,1,1,0,0,1,0,1,0,0,0,ERR1873565,SAMEA95426668,PRJEB14199,SAMEA95426668,,2010-01-01,South Africa,,M. tuberculosis WGS,2017-03-07,Mycobacterium tuberculosis,sputum,,,,R9962,UNIVERSITY OF CAPE TOWN,,,homo sapien,9606,diseased,,,,,M. tuberculosis WGS
dheda2017,ERR1873464,South Africa,1,0,0,1,0,1,1,0,0,0,0,0,0,1,0,0,0,ERR1873464,SAMEA95498668,PRJEB14199,SAMEA95498668,,2011-01-01,South Africa,,M. tuberculosis WGS,2017-03-07,Mycobacterium tuberculosis,sputum,,,,R12966_pool_283__L3_TGAAGAGA_L003,UNIVERSITY OF CAPE TOWN,,,homo sapien,9606,diseased,,,,,M. tuberculosis WGS
dheda2017,ERR1873450,South Africa,1,1,0,1,1,0,0,1,1,0,0,1,0,1,0,0,0,ERR1873450,SAMEA95491168,PRJEB14199,SAMEA95491168,,2010-01-01,South Africa,,M. tuberculosis WGS,2017-03-07,Mycobacterium tuberculosis,sputum,,,,R10819_LFO46Pool105_3311__L5_GCCACATA_L005,UNIVERSITY OF CAPE TOWN,,,homo sapien,9606,diseased,,,,,M. tuberculosis WGS
dheda2017,ERR1873446,South Africa,0,1,1,1,0,0,0,1,0,0,0,1,1,0,0,0,0,ERR1873446,SAMEA95488168,PRJEB14199,SAMEA95488168,,2010-01-01,South Africa,,M. tuberculosis WGS,2017-03-07,Mycobacterium tuberculosis,sputum,,,,R10442_LFO46Pool105_3311__L5_ACTATGCA_L005,UNIVERSITY OF CAPE TOWN,,,homo sapien,9606,diseased,,,,,M. tuberculosis WGS
dheda2017,ERR1873451,South Africa,1,0,0,1,0,1,1,1,1,0,0,0,0,1,0,0,0,ERR1873451,SAMEA95429668,PRJEB14199,SAMEA95429668,,2010-01-01,South Africa,,M. tuberculosis WGS,2017-03-07,Mycobacterium tuberculosis,sputum,,,,R10854,UNIVERSITY OF CAPE TOWN,,,homo sapien,9606,diseased,,,,,M. tuberculosis WGS
dheda2017,ERR1873449,South Africa,1,1,0,1,0,0,1,0,1,1,0,0,0,1,0,0,0,ERR1873449,SAMEA95490418,PRJEB14199,SAMEA95490418,,2010-01-01,South Africa,,M. tuberculosis WGS,2017-03-07,Mycobacterium tuberculosis,sputum,,,,R10552_pool_283__L3_GTCGTAGA_L003,UNIVERSITY OF CAPE TOWN,,,homo sapien,9606,diseased,,,,,M. tuberculosis WGS
dheda2017,ERR1873452,South Africa,1,1,0,1,0,1,1,1,1,1,1,1,0,1,0,0,0,ERR1873452,SAMEA95491918,PRJEB14199,SAMEA95491918,,2010-01-01,South Africa,,M. tuberculosis WGS,2017-03-07,Mycobacterium tuberculosis,sputum,,,,R10867_pool_283__L3_GTGTTCTA_L003,UNIVERSITY OF CAPE TOWN,,,homo sapien,9606,diseased,,,,,M. tuberculosis WGS
dheda2017,ERR1873454,South Africa,1,1,0,1,1,1,1,1,1,1,1,1,0,0,0,0,0,ERR1873454,SAMEA95493418,PRJEB14199,SAMEA95493418,,2010-01-01,South Africa,,M. tuberculosis WGS,2017-03-07,Mycobacterium tuberculosis,sputum,,,,R10921_LFO46Pool105_3311__L5_GCTAACGA_L005,UNIVERSITY OF CAPE TOWN,,,homo sapien,9606,diseased,,,,,M. tuberculosis WGS
dheda2017,ERR1873443,South Africa,1,1,0,1,1,1,1,1,1,1,1,1,0,1,0,0,0,ERR1873443,SAMEA95428168,PRJEB14199,SAMEA95428168,,2010-01-01,South Africa,,M. tuberculosis WGS,2017-03-07,Mycobacterium tuberculosis,sputum,,,,R10212,UNIVERSITY OF CAPE TOWN,,,homo sapien,9606,diseased,,,,,M. tuberculosis WGS
dheda2017,ERR1873456,South Africa,1,1,0,1,1,1,1,1,1,1,1,1,1,1,0,0,0,ERR1873456,SAMEA95430418,PRJEB14199,SAMEA95430418,,2010-01-01,South Africa,,M. tuberculosis WGS,2017-03-07,Mycobacterium tuberculosis,sputum,,,,R11044,UNIVERSITY OF CAPE TOWN,,,homo sapien,9606,diseased,,,,,M. tuberculosis WGS
dheda2017,ERR1873458,South Africa,1,0,0,1,0,1,1,1,0,0,0,0,0,0,0,0,0,ERR1873458,SAMEA95431168,PRJEB14199,SAMEA95431168,,2010-01-01,South Africa,,M. tuberculosis WGS,2017-03-07,Mycobacterium tuberculosis,sputum,,,,R11139,UNIVERSITY OF CAPE TOWN,,,homo sapien,9606,diseased,,,,,M. tuberculosis WGS
dheda2017,ERR1873455,South Africa,1,0,0,1,0,0,0,0,0,0,0,1,0,1,0,0,0,ERR1873455,SAMEA95494168,PRJEB14199,SAMEA95494168,,2010-01-01,South Africa,,M. tuberculosis WGS,2017-03-07,Mycobacterium tuberculosis,sputum,,,,R10951_pool_283__L3_TAGGATGA_L003,UNIVERSITY OF CAPE TOWN,,,homo sapien,9606,diseased,,,,,M. tuberculosis WGS
dheda2017,ERR1873457,South Africa,1,0,0,1,0,1,1,1,1,0,0,0,0,1,0,0,0,ERR1873457,SAMEA95494918,PRJEB14199,SAMEA95494918,,2010-01-01,South Africa,,M. tuberculosis WGS,2017-03-07,Mycobacterium tuberculosis,sputum,,,,R11138_pool_283__L3_TATCAGCA_L003,UNIVERSITY OF CAPE TOWN,,,homo sapien,9606,diseased,,,,,M. tuberculosis WGS
dheda2017,ERR1873459,South Africa,1,1,0,1,0,1,1,0,1,0,0,0,0,1,0,0,0,ERR1873459,SAMEA95495668,PRJEB14199,SAMEA95495668,,2010-01-01,South Africa,,M. tuberculosis WGS,2017-03-07,Mycobacterium tuberculosis,sputum,,,,R11654_LFO46Pool105_3311__L5_ATCCTGTA_L005,UNIVERSITY OF CAPE TOWN,,,homo sapien,9606,diseased,,,,,M. tuberculosis WGS
dheda2017,ERR1873429,South Africa,1,0,1,1,0,0,0,1,0,0,0,0,0,0,0,0,0,ERR1873429,SAMEA95477668,PRJEB14199,SAMEA95477668,,2010-01-01,South Africa,,M. tuberculosis WGS,2017-03-07,Mycobacterium tuberculosis,sputum,,,,M_15_A724_F2_R11689_TGGCTTC_L004,UNIVERSITY OF CAPE TOWN,,,homo sapien,9606,diseased,,,,,M. tuberculosis WGS
dheda2017,ERR1873453,South Africa,1,1,0,1,1,1,1,1,1,1,1,1,0,1,0,0,0,ERR1873453,SAMEA95492668,PRJEB14199,SAMEA95492668,,2010-01-01,South Africa,,M. tuberculosis WGS,2017-03-07,Mycobacterium tuberculosis,sputum,,,,R10873_LFO46Pool105_3311__L5_GCGAGTAA_L005,UNIVERSITY OF CAPE TOWN,,,homo sapien,9606,diseased,,,,,M. tuberculosis WGS
dheda2017,ERR1873445,South Africa,1,1,0,1,0,1,1,1,0,0,0,0,0,1,1,0,0,ERR1873445,SAMEA95487418,PRJEB14199,SAMEA95487418,,2010-01-01,South Africa,,M. tuberculosis WGS,2017-03-07,Mycobacterium tuberculosis,sputum,,,,R10380_LFO46Pool105_3311__L5_ACGTATCA_L005,UNIVERSITY OF CAPE TOWN,,,homo sapien,9606,diseased,,,,,M. tuberculosis WGS
dheda2017,ERR1873462,South Africa,1,1,1,1,1,1,1,1,1,0,0,0,0,1,0,0,0,ERR1873462,SAMEA95431918,PRJEB14199,SAMEA95431918,,2011-01-01,South Africa,,M. tuberculosis WGS,2017-03-07,Mycobacterium tuberculosis,sputum,,,,R12533,UNIVERSITY OF CAPE TOWN,,,homo sapien,9606,diseased,,,,,M. tuberculosis WGS
dheda2017,ERR1873460,South Africa,1,1,0,1,0,1,1,1,1,0,0,1,0,1,1,0,0,ERR1873460,SAMEA95496418,PRJEB14199,SAMEA95496418,,2010-01-01,South Africa,,M. tuberculosis WGS,2017-03-07,Mycobacterium tuberculosis,sputum,,,,R12052_pool_283__L3_TCCGTCTA_L003,UNIVERSITY OF CAPE TOWN,,,homo sapien,9606,diseased,,,,,M. tuberculosis WGS
dheda2017,ERR1873467,South Africa,1,1,0,1,1,1,1,1,1,1,1,0,0,1,0,0,0,ERR1873467,SAMEA95434168,PRJEB14199,SAMEA95434168,,2011-01-01,South Africa,,M. tuberculosis WGS,2017-03-07,Mycobacterium tuberculosis,sputum,,,,R13071,UNIVERSITY OF CAPE TOWN,,,homo sapien,9606,diseased,,,,,M. tuberculosis WGS
dheda2017,ERR1873463,South Africa,1,1,1,1,1,1,1,1,0,0,1,1,1,1,0,0,0,ERR1873463,SAMEA95497918,PRJEB14199,SAMEA95497918,,2011-01-01,South Africa,,M. tuberculosis WGS,2017-03-07,Mycobacterium tuberculosis,sputum,,,,R12745_LFO46Pool105_3311__L5_CAGCGTTA_L005,UNIVERSITY OF CAPE TOWN,,,homo sapien,9606,diseased,,,,,M. tuberculosis WGS
dheda2017,ERR1873466,South Africa,1,1,0,1,1,1,1,1,1,1,0,1,0,1,0,0,0,ERR1873466,SAMEA95433418,PRJEB14199,SAMEA95433418,,2011-01-01,South Africa,,M. tuberculosis WGS,2017-03-07,Mycobacterium tuberculosis,sputum,,,,R13060,UNIVERSITY OF CAPE TOWN,,,homo sapien,9606,diseased,,,,,M. tuberculosis WGS
dheda2017,ERR1873469,South Africa,1,0,0,1,0,1,1,1,1,1,0,0,0,1,0,0,0,ERR1873469,SAMEA95435668,PRJEB14199,SAMEA95435668,,2011-01-01,South Africa,,M. tuberculosis WGS,2017-03-07,Mycobacterium tuberculosis,sputum,,,,R13123,UNIVERSITY OF CAPE TOWN,,,homo sapien,9606,diseased,,,,,M. tuberculosis WGS
dheda2017,ERR1873465,South Africa,1,0,0,1,1,1,1,0,1,1,0,0,0,1,0,0,0,ERR1873465,SAMEA95432668,PRJEB14199,SAMEA95432668,,2011-01-01,South Africa,,M. tuberculosis WGS,2017-03-07,Mycobacterium tuberculosis,sputum,,,,R13033,UNIVERSITY OF CAPE TOWN,,,homo sapien,9606,diseased,,,,,M. tuberculosis WGS
dheda2017,ERR1873440,South Africa,1,1,0,NA,1,1,1,NA,1,1,1,0,0,0,NA,NA,NA,ERR1873440,SAMEA95485918,PRJEB14199,SAMEA95485918,,2011-01-01,South Africa,,M. tuberculosis WGS,2017-03-07,Mycobacterium tuberculosis,sputum,,,,M_tuberculosis__R13723_LFO46Pool105_3311__L5_CCAGTTCA_L005,UNIVERSITY OF CAPE TOWN,,,homo sapien,9606,diseased,,,,,M. tuberculosis WGS
dheda2017,ERR1873471,South Africa,0,0,0,1,0,0,1,0,0,0,0,0,0,0,0,0,0,ERR1873471,SAMEA95437168,PRJEB14199,SAMEA95437168,,2011-01-01,South Africa,,M. tuberculosis WGS,2017-03-07,Mycobacterium tuberculosis,sputum,,,,R13342,UNIVERSITY OF CAPE TOWN,,,homo sapien,9606,diseased,,,,,M. tuberculosis WGS
dheda2017,ERR1873468,South Africa,1,1,0,1,1,1,1,1,1,1,0,0,0,1,0,0,0,ERR1873468,SAMEA95434918,PRJEB14199,SAMEA95434918,,2011-01-01,South Africa,,M. tuberculosis WGS,2017-03-07,Mycobacterium tuberculosis,sputum,,,,R13121,UNIVERSITY OF CAPE TOWN,,,homo sapien,9606,diseased,,,,,M. tuberculosis WGS
dheda2017,ERR1873473,South Africa,1,1,0,1,1,1,1,1,0,0,1,0,0,0,0,0,0,ERR1873473,SAMEA95499418,PRJEB14199,SAMEA95499418,,2011-01-01,South Africa,,M. tuberculosis WGS,2017-03-07,Mycobacterium tuberculosis,sputum,,,,R13570_LFO46Pool105_3311__L5_CATACCAA_L005,UNIVERSITY OF CAPE TOWN,,,homo sapien,9606,diseased,,,,,M. tuberculosis WGS
dheda2017,ERR1873472,South Africa,1,1,0,1,1,1,1,1,1,1,1,1,0,1,0,0,0,ERR1873472,SAMEA95437918,PRJEB14199,SAMEA95437918,,2011-01-01,South Africa,,M. tuberculosis WGS,2017-03-07,Mycobacterium tuberculosis,sputum,,,,R13560,UNIVERSITY OF CAPE TOWN,,,homo sapien,9606,diseased,,,,,M. tuberculosis WGS
dheda2017,ERR1873438,South Africa,1,0,0,0,0,1,1,1,1,0,1,1,0,1,0,0,0,ERR1873438,SAMEA95484418,PRJEB14199,SAMEA95484418,,2011-01-01,South Africa,,M. tuberculosis WGS,2017-03-07,Mycobacterium tuberculosis,sputum,,,,M_tuberculosis__R13587_LFO46Pool106_3312__L6_TCTTCACA_L006,UNIVERSITY OF CAPE TOWN,,,homo sapien,9606,diseased,,,,,M. tuberculosis WGS
dheda2017,ERR1873439,South Africa,1,1,0,1,1,1,1,1,1,1,1,1,0,0,0,0,0,ERR1873439,SAMEA95485168,PRJEB14199,SAMEA95485168,,2011-01-01,South Africa,,M. tuberculosis WGS,2017-03-07,Mycobacterium tuberculosis,sputum,,,,M_tuberculosis__R13673_LFO46Pool105_3311__L5_GCTCGGTA_L005,UNIVERSITY OF CAPE TOWN,,,homo sapien,9606,diseased,,,,,M. tuberculosis WGS
dheda2017,ERR1873474,South Africa,1,1,0,1,0,1,1,0,1,0,0,1,0,1,0,0,0,ERR1873474,SAMEA95500168,PRJEB14199,SAMEA95500168,,2011-01-01,South Africa,,M. tuberculosis WGS,2017-03-07,Mycobacterium tuberculosis,sputum,,,,R14326_LFO46Pool106_3312__L6_TGGCTTCA_L006,UNIVERSITY OF CAPE TOWN,,,homo sapien,9606,diseased,,,,,M. tuberculosis WGS
dheda2017,ERR1873506,South Africa,1,1,0,1,1,1,1,1,1,1,1,0,0,1,0,0,0,ERR1873506,SAMEA95518918,PRJEB14199,SAMEA95518918,,2012-01-01,South Africa,,M. tuberculosis WGS,2017-03-07,Mycobacterium tuberculosis,sputum,,,,R18913_pool_282__L2_CGAACTTA_L002,UNIVERSITY OF CAPE TOWN,,,homo sapien,9606,diseased,,,,,M. tuberculosis WGS
dheda2017,ERR1873475,South Africa,1,0,0,1,0,1,1,1,1,1,0,0,0,1,0,0,0,ERR1873475,SAMEA95438668,PRJEB14199,SAMEA95438668,,2011-01-01,South Africa,,M. tuberculosis WGS,2017-03-07,Mycobacterium tuberculosis,sputum,,,,R14852,UNIVERSITY OF CAPE TOWN,,,homo sapien,9606,diseased,,,,,M. tuberculosis WGS
dheda2017,ERR1873476,South Africa,1,1,0,1,1,1,1,1,1,1,1,0,0,0,0,0,0,ERR1873476,SAMEA95500918,PRJEB14199,SAMEA95500918,,2011-01-01,South Africa,,M. tuberculosis WGS,2017-03-07,Mycobacterium tuberculosis,sputum,,,,R14927_LFO46Pool105_3311__L5_CCGTGAGA_L005,UNIVERSITY OF CAPE TOWN,,,homo sapien,9606,diseased,,,,,M. tuberculosis WGS
dheda2017,ERR1873477,South Africa,1,1,0,1,1,1,1,1,1,1,0,1,0,1,0,0,0,ERR1873477,SAMEA95501668,PRJEB14199,SAMEA95501668,,2011-01-01,South Africa,,M. tuberculosis WGS,2017-03-07,Mycobacterium tuberculosis,sputum,,,,R15141_LFO46Pool106_3312__L6_TTCACGCA_L006,UNIVERSITY OF CAPE TOWN,,,homo sapien,9606,diseased,,,,,M. tuberculosis WGS
dheda2017,ERR1873507,South Africa,1,1,0,1,1,1,1,1,1,1,1,1,0,1,0,0,0,ERR1873507,SAMEA95519668,PRJEB14199,SAMEA95519668,,2012-01-01,South Africa,,M. tuberculosis WGS,2017-03-07,Mycobacterium tuberculosis,sputum,,,,R18920_pool_282__L2_CGACTGGA_L002,UNIVERSITY OF CAPE TOWN,,,homo sapien,9606,diseased,,,,,M. tuberculosis WGS
dheda2017,ERR1873478,South Africa,1,0,0,1,0,1,1,1,1,0,0,0,0,1,0,0,0,ERR1873478,SAMEA95502418,PRJEB14199,SAMEA95502418,,2011-01-01,South Africa,,M. tuberculosis WGS,2017-03-07,Mycobacterium tuberculosis,sputum,,,,R15692_LFO46Pool106_3312__L6_AACTCACC_L006,UNIVERSITY OF CAPE TOWN,,,homo sapien,9606,diseased,,,,,M. tuberculosis WGS
dheda2017,ERR1873479,South Africa,1,0,0,0,0,1,1,1,1,1,0,0,0,0,0,0,0,ERR1873479,SAMEA95439418,PRJEB14199,SAMEA95439418,,2011-01-01,South Africa,,M. tuberculosis WGS,2017-03-07,Mycobacterium tuberculosis,sputum,,,,R15871,UNIVERSITY OF CAPE TOWN,,,homo sapien,9606,diseased,,,,,M. tuberculosis WGS
dheda2017,ERR1873441,South Africa,1,1,0,1,1,1,1,0,1,0,1,0,0,1,0,0,0,ERR1873441,SAMEA95486668,PRJEB14199,SAMEA95486668,,2011-01-01,South Africa,,M. tuberculosis WGS,2017-03-07,Mycobacterium tuberculosis,sputum,,,,M_tuberculosis__R16758_LFO46Pool105_3311__L5_GTACGCAA_L005,UNIVERSITY OF CAPE TOWN,,,homo sapien,9606,diseased,,,,,M. tuberculosis WGS
dheda2017,ERR1873481,South Africa,1,1,0,1,0,1,1,1,1,0,0,1,0,1,0,0,0,ERR1873481,SAMEA95440168,PRJEB14199,SAMEA95440168,,2011-01-01,South Africa,,M. tuberculosis WGS,2017-03-07,Mycobacterium tuberculosis,sputum,,,,R16462,UNIVERSITY OF CAPE TOWN,,,homo sapien,9606,diseased,,,,,M. tuberculosis WGS
dheda2017,ERR1873486,South Africa,1,1,0,1,1,1,1,1,0,0,0,0,0,1,0,0,0,ERR1873486,SAMEA95504668,PRJEB14199,SAMEA95504668,,2011-01-01,South Africa,,M. tuberculosis WGS,2017-03-07,Mycobacterium tuberculosis,sputum,,,,R16787_pool_282__L2_ATCCTGTA_L002,UNIVERSITY OF CAPE TOWN,,,homo sapien,9606,diseased,,,,,M. tuberculosis WGS
dheda2017,ERR1873487,South Africa,1,0,0,1,1,0,1,1,1,1,1,0,0,1,0,0,0,ERR1873487,SAMEA95505418,PRJEB14199,SAMEA95505418,,2011-01-01,South Africa,,M. tuberculosis WGS,2017-03-07,Mycobacterium tuberculosis,sputum,,,,R16869_pool_282__L2_ATTGAGGA_L002,UNIVERSITY OF CAPE TOWN,,,homo sapien,9606,diseased,,,,,M. tuberculosis WGS
dheda2017,ERR1873483,South Africa,1,1,0,1,0,1,1,1,1,0,0,0,0,1,0,0,0,ERR1873483,SAMEA95441668,PRJEB14199,SAMEA95441668,,2011-01-01,South Africa,,M. tuberculosis WGS,2017-03-07,Mycobacterium tuberculosis,sputum,,,,R16583,UNIVERSITY OF CAPE TOWN,,,homo sapien,9606,diseased,,,,,M. tuberculosis WGS
dheda2017,ERR1873484,South Africa,1,1,0,1,0,1,1,1,0,0,1,1,0,0,0,0,0,ERR1873484,SAMEA95442418,PRJEB14199,SAMEA95442418,,2011-01-01,South Africa,,M. tuberculosis WGS,2017-03-07,Mycobacterium tuberculosis,sputum,,,,R16642,UNIVERSITY OF CAPE TOWN,,,homo sapien,9606,diseased,,,,,M. tuberculosis WGS
dheda2017,ERR1873489,South Africa,1,1,0,1,1,1,1,1,1,1,1,0,0,1,0,0,0,ERR1873489,SAMEA95506918,PRJEB14199,SAMEA95506918,,2011-01-01,South Africa,,M. tuberculosis WGS,2017-03-07,Mycobacterium tuberculosis,sputum,,,,R17181_pool_282__L2_CAACCACA_L002,UNIVERSITY OF CAPE TOWN,,,homo sapien,9606,diseased,,,,,M. tuberculosis WGS
dheda2017,ERR1873485,South Africa,1,1,0,1,1,1,1,1,1,1,1,0,0,1,0,0,0,ERR1873485,SAMEA95503918,PRJEB14199,SAMEA95503918,,2012-01-01,South Africa,,M. tuberculosis WGS,2017-03-07,Mycobacterium tuberculosis,sputum,,,,R16785_pool_282__L2_AGTCACTA_L002,UNIVERSITY OF CAPE TOWN,,,homo sapien,9606,diseased,,,,,M. tuberculosis WGS
dheda2017,ERR1873490,South Africa,1,1,0,1,0,1,1,1,1,1,0,0,0,1,0,0,0,ERR1873490,SAMEA95507668,PRJEB14199,SAMEA95507668,,2012-01-01,South Africa,,M. tuberculosis WGS,2017-03-07,Mycobacterium tuberculosis,sputum,,,,R17203_pool_282__L2_GACTAGTA_L002,UNIVERSITY OF CAPE TOWN,,,homo sapien,9606,diseased,,,,,M. tuberculosis WGS
dheda2017,ERR1873505,South Africa,1,1,0,0,1,1,1,1,1,1,0,0,0,1,0,0,0,ERR1873505,SAMEA95518168,PRJEB14199,SAMEA95518168,,2012-01-01,South Africa,,M. tuberculosis WGS,2017-03-07,Mycobacterium tuberculosis,sputum,,,,R18832_pool_282__L2_CCTCCTGA_L002,UNIVERSITY OF CAPE TOWN,,,homo sapien,9606,diseased,,,,,M. tuberculosis WGS
dheda2017,ERR1873491,South Africa,1,1,0,1,0,1,1,1,1,1,0,0,0,1,0,0,0,ERR1873491,SAMEA95508418,PRJEB14199,SAMEA95508418,,2012-01-01,South Africa,,M. tuberculosis WGS,2017-03-07,Mycobacterium tuberculosis,sputum,,,,R17207_pool_282__L2_CAATGGAA_L002,UNIVERSITY OF CAPE TOWN,,,homo sapien,9606,diseased,,,,,M. tuberculosis WGS
dheda2017,ERR1873493,South Africa,1,1,0,1,1,1,1,1,0,0,1,0,0,1,0,0,0,ERR1873493,SAMEA95509918,PRJEB14199,SAMEA95509918,,2012-01-01,South Africa,,M. tuberculosis WGS,2017-03-07,Mycobacterium tuberculosis,sputum,,,,R17661_pool_283__L3_ACAGATTC_L003,UNIVERSITY OF CAPE TOWN,,,homo sapien,9606,diseased,,,,,M. tuberculosis WGS
dheda2017,ERR1873494,South Africa,1,1,0,1,1,1,1,1,1,1,0,1,0,1,0,0,0,ERR1873494,SAMEA95510668,PRJEB14199,SAMEA95510668,,2012-01-01,South Africa,,M. tuberculosis WGS,2017-03-07,Mycobacterium tuberculosis,sputum,,,,R17879_pool_282__L2_CAGCGTTA_L002,UNIVERSITY OF CAPE TOWN,,,homo sapien,9606,diseased,,,,,M. tuberculosis WGS
dheda2017,ERR1873495,South Africa,1,1,0,1,1,1,1,1,1,1,0,1,0,1,0,0,0,ERR1873495,SAMEA95511418,PRJEB14199,SAMEA95511418,,2012-01-01,South Africa,,M. tuberculosis WGS,2017-03-07,Mycobacterium tuberculosis,sputum,,,,R17926_pool_283__L3_AGATGTAC_L003,UNIVERSITY OF CAPE TOWN,,,homo sapien,9606,diseased,,,,,M. tuberculosis WGS
dheda2017,ERR1873488,South Africa,0,0,0,0,0,0,0,1,0,0,0,0,0,0,0,0,0,ERR1873488,SAMEA95506168,PRJEB14199,SAMEA95506168,,2012-01-01,South Africa,,M. tuberculosis WGS,2017-03-07,Mycobacterium tuberculosis,sputum,,,,R17085_pool_283__L3_ACACGACC_L003,UNIVERSITY OF CAPE TOWN,,,homo sapien,9606,diseased,,,,,M. tuberculosis WGS
dheda2017,ERR1873499,South Africa,1,0,0,1,0,1,1,1,1,0,1,1,0,1,0,0,0,ERR1873499,SAMEA95514418,PRJEB14199,SAMEA95514418,,2012-01-01,South Africa,,M. tuberculosis WGS,2017-03-07,Mycobacterium tuberculosis,sputum,,,,R18174_pool_283__L3_AGGCTAAC_L003,UNIVERSITY OF CAPE TOWN,,,homo sapien,9606,diseased,,,,,M. tuberculosis WGS
dheda2017,ERR1873504,South Africa,1,1,0,1,1,1,1,1,1,1,0,1,0,1,0,0,0,ERR1873504,SAMEA95443168,PRJEB14199,SAMEA95443168,,2012-01-01,South Africa,,M. tuberculosis WGS,2017-03-07,Mycobacterium tuberculosis,sputum,,,,R18529,UNIVERSITY OF CAPE TOWN,,,homo sapien,9606,diseased,,,,,M. tuberculosis WGS
dheda2017,ERR1873500,South Africa,1,1,0,1,1,1,1,1,1,1,1,0,0,1,0,0,0,ERR1873500,SAMEA95515168,PRJEB14199,SAMEA95515168,,2012-01-01,South Africa,,M. tuberculosis WGS,2017-03-07,Mycobacterium tuberculosis,sputum,,,,R18243_pool_283__L3_ATAGCGAC_L003,UNIVERSITY OF CAPE TOWN,,,homo sapien,9606,diseased,,,,,M. tuberculosis WGS
dheda2017,ERR1873497,South Africa,1,1,0,1,1,1,1,1,1,1,1,1,0,1,0,0,0,ERR1873497,SAMEA95512918,PRJEB14199,SAMEA95512918,,2012-01-01,South Africa,,M. tuberculosis WGS,2017-03-07,Mycobacterium tuberculosis,sputum,,,,R18066_pool_283__L3_AGCCATGC_L003,UNIVERSITY OF CAPE TOWN,,,homo sapien,9606,diseased,,,,,M. tuberculosis WGS
dheda2017,ERR1873562,South Africa,1,1,0,1,0,1,1,1,1,0,1,1,1,1,0,0,0,ERR1873562,SAMEA95425168,PRJEB14199,SAMEA95425168,,2010-01-01,South Africa,,M. tuberculosis WGS,2017-03-07,Mycobacterium tuberculosis,sputum,,,,R9771,UNIVERSITY OF CAPE TOWN,,,homo sapien,9606,diseased,,,,,M. tuberculosis WGS
dheda2017,ERR1873498,South Africa,1,1,0,1,1,1,1,1,0,0,0,1,0,1,0,0,0,ERR1873498,SAMEA95513668,PRJEB14199,SAMEA95513668,,2012-01-01,South Africa,,M. tuberculosis WGS,2017-03-07,Mycobacterium tuberculosis,sputum,,,,R18138_pool_282__L2_CATACCAA_L002,UNIVERSITY OF CAPE TOWN,,,homo sapien,9606,diseased,,,,,M. tuberculosis WGS
dheda2017,ERR1873502,South Africa,1,1,0,1,1,1,1,1,0,0,1,0,0,1,0,0,0,ERR1873502,SAMEA95516668,PRJEB14199,SAMEA95516668,,2012-01-01,South Africa,,M. tuberculosis WGS,2017-03-07,Mycobacterium tuberculosis,sputum,,,,R18455_pool_283__L3_ATCATTCC_L003,UNIVERSITY OF CAPE TOWN,,,homo sapien,9606,diseased,,,,,M. tuberculosis WGS
dheda2017,ERR1873503,South Africa,1,1,0,1,1,1,1,1,1,1,0,1,0,1,0,0,0,ERR1873503,SAMEA95517418,PRJEB14199,SAMEA95517418,,2012-01-01,South Africa,,M. tuberculosis WGS,2017-03-07,Mycobacterium tuberculosis,sputum,,,,R18476_pool_282__L2_CCGAAGTA_L002,UNIVERSITY OF CAPE TOWN,,,homo sapien,9606,diseased,,,,,M. tuberculosis WGS
dheda2017,ERR1873511,South Africa,1,1,0,1,0,1,1,1,1,1,0,0,0,1,0,0,0,ERR1873511,SAMEA95521918,PRJEB14199,SAMEA95521918,,2012-01-01,South Africa,,M. tuberculosis WGS,2017-03-07,Mycobacterium tuberculosis,sputum,,,,R19077_pool_282__L2_CGCATACA_L002,UNIVERSITY OF CAPE TOWN,,,homo sapien,9606,diseased,,,,,M. tuberculosis WGS
dheda2017,ERR1873512,South Africa,1,0,0,1,1,1,1,1,1,1,0,0,0,1,0,0,0,ERR1873512,SAMEA95522668,PRJEB14199,SAMEA95522668,,2012-01-01,South Africa,,M. tuberculosis WGS,2017-03-07,Mycobacterium tuberculosis,sputum,,,,R19234_pool_282__L2_CTCAATGA_L002,UNIVERSITY OF CAPE TOWN,,,homo sapien,9606,diseased,,,,,M. tuberculosis WGS
dheda2017,ERR1873508,South Africa,1,1,0,1,0,1,1,1,1,1,0,1,0,1,0,0,0,ERR1873508,SAMEA95520418,PRJEB14199,SAMEA95520418,,2012-01-01,South Africa,,M. tuberculosis WGS,2017-03-07,Mycobacterium tuberculosis,sputum,,,,R18921_pool_283__L3_ATTGGCTC_L003,UNIVERSITY OF CAPE TOWN,,,homo sapien,9606,diseased,,,,,M. tuberculosis WGS
dheda2017,ERR1873510,South Africa,1,1,0,1,1,1,1,1,1,1,0,1,0,1,0,0,0,ERR1873510,SAMEA95521168,PRJEB14199,SAMEA95521168,,2012-01-01,South Africa,,M. tuberculosis WGS,2017-03-07,Mycobacterium tuberculosis,sputum,,,,R19048_pool_283__L3_CACCTTAC_L003,UNIVERSITY OF CAPE TOWN,,,homo sapien,9606,diseased,,,,,M. tuberculosis WGS
dheda2017,ERR1873513,South Africa,1,1,0,1,0,1,1,1,1,1,1,0,0,1,0,0,0,ERR1873513,SAMEA95523418,PRJEB14199,SAMEA95523418,,2012-01-01,South Africa,,M. tuberculosis WGS,2017-03-07,Mycobacterium tuberculosis,sputum,,,,R19246_pool_282__L2_CTGAGCCA_L002,UNIVERSITY OF CAPE TOWN,,,homo sapien,9606,diseased,,,,,M. tuberculosis WGS
dheda2017,ERR1873517,South Africa,1,0,0,0,0,0,0,0,0,0,0,0,0,1,0,0,0,ERR1873517,SAMEA95524918,PRJEB14199,SAMEA95524918,,2012-01-01,South Africa,,M. tuberculosis WGS,2017-03-07,Mycobacterium tuberculosis,sputum,,,,R19353_pool_283__L3_CCGACAAC_L003,UNIVERSITY OF CAPE TOWN,,,homo sapien,9606,diseased,,,,,M. tuberculosis WGS
dheda2017,ERR1873514,South Africa,1,1,0,1,1,1,1,1,1,1,1,1,0,1,0,0,0,ERR1873514,SAMEA95444668,PRJEB14199,SAMEA95444668,,2012-01-01,South Africa,,M. tuberculosis WGS,2017-03-07,Mycobacterium tuberculosis,sputum,,,,R19266,UNIVERSITY OF CAPE TOWN,,,homo sapien,9606,diseased,,,,,M. tuberculosis WGS
dheda2017,ERR1873515,South Africa,1,1,0,1,1,1,1,1,1,1,0,0,0,1,0,0,0,ERR1873515,SAMEA95524168,PRJEB14199,SAMEA95524168,,2012-01-01,South Africa,,M. tuberculosis WGS,2017-03-07,Mycobacterium tuberculosis,sputum,,,,R19290_pool_282__L2_CTGGCATA_L002,UNIVERSITY OF CAPE TOWN,,,homo sapien,9606,diseased,,,,,M. tuberculosis WGS
dheda2017,ERR1873520,South Africa,1,1,0,1,1,1,1,1,1,1,0,0,0,1,0,0,0,ERR1873520,SAMEA95446918,PRJEB14199,SAMEA95446918,,2012-01-01,South Africa,,M. tuberculosis WGS,2017-03-07,Mycobacterium tuberculosis,sputum,,,,R19816,UNIVERSITY OF CAPE TOWN,,,homo sapien,9606,diseased,,,,,M. tuberculosis WGS
dheda2017,ERR1873496,South Africa,1,1,0,1,1,1,1,1,1,1,0,1,0,1,0,0,0,ERR1873496,SAMEA95512168,PRJEB14199,SAMEA95512168,,2012-01-01,South Africa,,M. tuberculosis WGS,2017-03-07,Mycobacterium tuberculosis,sputum,,,,R18045_pool_283__L3_AGCACCTC_L003,UNIVERSITY OF CAPE TOWN,,,homo sapien,9606,diseased,,,,,M. tuberculosis WGS
dheda2017,ERR1873518,South Africa,1,1,0,1,1,1,1,1,1,1,0,0,0,0,0,0,0,ERR1873518,SAMEA95446168,PRJEB14199,SAMEA95446168,,2012-01-01,South Africa,,M. tuberculosis WGS,2017-03-07,Mycobacterium tuberculosis,sputum,,,,R19366,UNIVERSITY OF CAPE TOWN,,,homo sapien,9606,diseased,,,,,M. tuberculosis WGS
dheda2017,ERR1873519,South Africa,1,1,0,1,1,1,1,1,1,1,1,0,0,1,0,0,0,ERR1873519,SAMEA95525668,PRJEB14199,SAMEA95525668,,2012-01-01,South Africa,,M. tuberculosis WGS,2017-03-07,Mycobacterium tuberculosis,sputum,,,,R19631_pool_282__L2_GAGCTGAA_L002,UNIVERSITY OF CAPE TOWN,,,homo sapien,9606,diseased,,,,,M. tuberculosis WGS
dheda2017,ERR1873516,South Africa,1,1,0,1,1,1,1,1,1,1,1,0,0,1,0,0,0,ERR1873516,SAMEA95445418,PRJEB14199,SAMEA95445418,,2012-01-01,South Africa,,M. tuberculosis WGS,2017-03-07,Mycobacterium tuberculosis,sputum,,,,R19351,UNIVERSITY OF CAPE TOWN,,,homo sapien,9606,diseased,,,,,M. tuberculosis WGS
dheda2017,ERR1873509,South Africa,1,1,1,1,0,1,1,1,1,0,0,0,0,1,0,0,0,ERR1873509,SAMEA95443918,PRJEB14199,SAMEA95443918,,2012-01-01,South Africa,,M. tuberculosis WGS,2017-03-07,Mycobacterium tuberculosis,sputum,,,,R19042,UNIVERSITY OF CAPE TOWN,,,homo sapien,9606,diseased,,,,,M. tuberculosis WGS
dheda2017,ERR1873501,South Africa,1,1,0,1,0,1,1,1,1,0,0,1,0,1,0,0,0,ERR1873501,SAMEA95515918,PRJEB14199,SAMEA95515918,,2012-01-01,South Africa,,M. tuberculosis WGS,2017-03-07,Mycobacterium tuberculosis,sputum,,,,R18343_pool_282__L2_CCAGTTCA_L002,UNIVERSITY OF CAPE TOWN,,,homo sapien,9606,diseased,,,,,M. tuberculosis WGS
